Day,Month,Year,tasmax,tasmin,hurs,evspsbl,rsds,pr,sfcWind
1,1,2006,12.81,0.18,79.15,0.30,11.76,0.00,2.37
2,1,2006,13.72,3.13,71.22,0.34,11.71,0.00,5.32
3,1,2006,13.15,3.21,71.38,0.32,11.94,0.00,5.12
4,1,2006,14.32,2.64,70.48,0.29,11.95,0.00,4.63
5,1,2006,12.50,1.55,77.14,0.20,9.51,0.02,4.38
6,1,2006,11.94,0.64,74.69,0.28,12.30,0.00,2.90
7,1,2006,12.59,3.37,77.81,0.21,10.40,0.02,2.73
8,1,2006,15.20,3.41,74.07,0.24,11.75,0.00,6.27
9,1,2006,14.11,3.96,61.26,0.29,12.48,0.00,8.03
10,1,2006,14.79,4.78,58.02,0.26,11.50,0.00,7.36
11,1,2006,12.75,1.69,66.39,0.22,12.58,0.00,2.66
12,1,2006,14.15,0.61,72.24,0.19,12.33,0.00,2.35
13,1,2006,13.05,1.14,76.20,0.16,11.68,0.00,2.27
14,1,2006,13.03,0.47,77.98,0.15,11.32,0.00,2.08
15,1,2006,13.00,2.40,72.85,0.19,10.97,0.05,2.13
16,1,2006,13.22,3.72,71.12,0.21,12.50,0.00,1.66
17,1,2006,12.83,0.71,73.24,0.18,13.09,0.00,2.11
18,1,2006,13.26,-0.54,71.69,0.18,13.43,0.00,2.32
19,1,2006,7.34,3.45,89.29,0.12,0.20,66.93,4.41
20,1,2006,12.40,6.60,91.11,0.61,4.67,6.21,3.30
21,1,2006,13.68,5.23,83.91,1.22,12.30,0.09,4.95
22,1,2006,14.63,6.18,77.92,1.73,13.57,0.00,6.81
23,1,2006,13.90,4.47,78.23,1.24,13.45,0.00,2.87
24,1,2006,12.56,6.17,86.20,0.89,8.07,0.55,2.16
25,1,2006,10.63,6.00,84.36,1.03,8.80,0.01,4.19
26,1,2006,11.21,5.94,84.40,1.00,8.85,0.13,3.98
27,1,2006,13.65,1.80,88.17,0.97,13.66,0.01,2.47
28,1,2006,13.83,3.58,87.60,0.94,12.58,0.00,2.72
29,1,2006,17.67,5.04,78.34,1.53,12.86,0.73,4.77
30,1,2006,14.15,10.74,85.56,1.01,1.90,25.20,8.11
31,1,2006,15.01,10.80,77.25,2.08,6.65,0.33,10.87
1,2,2006,16.69,9.15,76.24,2.14,12.98,0.02,7.74
2,2,2006,14.84,5.32,80.17,1.56,14.76,0.06,3.43
3,2,2006,13.37,5.95,94.89,0.78,10.20,0.27,1.92
4,2,2006,13.02,6.11,93.29,0.77,8.61,0.17,2.27
5,2,2006,13.95,6.21,87.14,1.07,9.96,2.52,2.56
6,2,2006,14.98,4.98,76.48,1.93,14.92,0.00,6.60
7,2,2006,14.23,4.64,74.40,1.79,15.71,0.00,5.88
8,2,2006,13.68,0.81,84.53,1.09,14.34,0.00,2.52
9,2,2006,15.94,1.17,84.45,1.21,15.87,0.00,2.51
10,2,2006,15.80,2.92,88.93,0.84,11.83,0.01,1.86
11,2,2006,14.46,5.13,90.89,0.98,12.49,0.05,2.76
12,2,2006,11.43,7.41,93.37,0.23,2.27,4.16,2.35
13,2,2006,14.64,5.03,71.16,2.12,16.20,0.00,6.20
14,2,2006,11.95,1.25,80.75,1.29,16.32,0.00,1.94
15,2,2006,12.38,3.27,81.38,1.29,15.76,0.00,1.49
16,2,2006,15.28,0.79,81.51,1.20,17.23,0.00,2.03
17,2,2006,18.79,3.76,79.87,1.47,16.40,0.00,4.31
18,2,2006,18.01,6.95,78.68,1.41,15.15,0.02,3.56
19,2,2006,17.66,5.55,76.80,1.51,17.54,0.21,3.19
20,2,2006,15.62,6.46,69.03,1.70,17.35,1.11,3.39
21,2,2006,15.83,3.42,74.57,1.51,17.81,0.19,3.29
22,2,2006,10.28,4.52,88.86,0.38,4.11,7.81,2.47
23,2,2006,13.46,1.34,71.10,2.07,18.46,0.00,5.03
24,2,2006,12.61,1.57,77.58,1.25,12.00,0.45,3.95
25,2,2006,14.36,1.97,67.47,2.00,18.56,0.00,5.72
26,2,2006,15.24,2.04,74.90,1.55,17.60,0.16,3.13
27,2,2006,16.91,6.05,75.53,1.53,17.16,1.08,3.30
28,2,2006,14.71,3.29,66.50,1.74,19.58,0.00,5.16
1,3,2006,14.64,1.25,70.61,1.28,18.11,0.00,3.45
2,3,2006,15.51,4.42,68.47,1.32,19.04,0.00,7.18
3,3,2006,15.89,1.27,69.93,1.12,18.78,0.00,2.34
4,3,2006,17.48,2.18,69.91,1.04,19.09,0.00,3.69
5,3,2006,21.97,2.76,58.78,1.26,19.08,0.00,3.60
6,3,2006,14.46,4.33,55.58,0.83,17.05,0.01,8.58
7,3,2006,14.59,5.11,54.52,0.75,18.32,0.00,9.43
8,3,2006,19.84,3.97,61.87,0.72,19.30,0.00,4.94
9,3,2006,22.82,5.27,68.73,0.73,19.79,0.00,2.68
10,3,2006,21.25,6.42,59.31,0.66,19.94,0.00,7.28
11,3,2006,20.76,4.27,51.70,0.62,19.97,0.00,7.22
12,3,2006,18.60,6.84,55.29,0.49,20.18,0.00,5.21
13,3,2006,22.58,5.34,60.32,0.54,20.60,0.00,2.46
14,3,2006,23.79,6.30,55.66,0.51,20.71,0.00,3.19
15,3,2006,25.01,6.26,50.04,0.48,21.22,0.01,3.12
16,3,2006,22.93,8.18,62.71,0.40,20.76,0.02,2.70
17,3,2006,26.75,8.21,56.26,0.47,21.20,0.00,2.37
18,3,2006,27.28,10.70,48.01,0.41,20.01,0.00,4.79
19,3,2006,27.12,13.93,44.66,0.38,21.57,0.00,5.18
20,3,2006,25.40,11.00,51.71,0.33,20.87,0.00,4.92
21,3,2006,25.23,10.72,47.80,0.35,22.08,0.00,6.23
22,3,2006,20.89,10.85,51.43,0.42,18.93,0.79,6.49
23,3,2006,22.35,8.11,56.60,0.72,22.41,0.00,3.49
24,3,2006,29.55,7.61,42.93,0.54,22.43,0.00,2.88
25,3,2006,27.83,12.37,40.42,0.34,22.57,0.00,6.11
26,3,2006,26.83,11.11,49.51,0.28,22.67,0.00,3.12
27,3,2006,30.62,11.21,42.96,0.31,23.17,0.00,2.43
28,3,2006,30.71,12.58,35.89,0.29,21.34,0.00,7.63
29,3,2006,26.58,12.08,41.35,0.25,23.02,0.00,3.36
30,3,2006,25.99,11.08,38.50,0.26,22.80,0.00,2.64
31,3,2006,29.57,11.56,35.88,0.28,23.84,0.00,2.57
1,4,2006,33.64,11.33,30.80,0.27,23.44,0.00,3.00
2,4,2006,33.93,18.20,27.18,0.25,23.40,0.00,4.72
3,4,2006,29.45,15.62,34.80,0.21,23.00,0.00,4.08
4,4,2006,28.70,15.75,30.74,0.24,18.25,0.01,3.84
5,4,2006,32.88,14.94,30.93,0.25,22.73,0.00,4.96
6,4,2006,26.95,17.45,32.99,0.20,23.96,0.00,7.37
7,4,2006,25.10,13.91,43.99,0.20,23.89,0.00,6.83
8,4,2006,26.10,11.14,50.47,0.22,23.75,0.00,4.16
9,4,2006,29.81,13.47,36.16,0.23,23.80,0.00,5.07
10,4,2006,34.42,17.45,22.01,0.23,21.79,0.00,5.34
11,4,2006,35.27,16.87,32.30,0.30,21.22,0.14,7.48
12,4,2006,24.09,12.82,33.06,0.19,25.33,0.00,8.53
13,4,2006,24.43,11.48,38.69,0.19,25.27,0.00,6.03
14,4,2006,25.26,10.30,36.55,0.20,25.09,0.00,3.00
15,4,2006,28.61,12.26,29.13,0.23,22.82,0.06,3.18
16,4,2006,33.65,16.77,21.50,0.44,24.22,0.34,3.84
17,4,2006,30.89,16.94,30.28,0.41,22.85,0.12,7.47
18,4,2006,25.80,14.52,39.02,0.19,25.67,0.00,7.51
19,4,2006,26.98,13.78,39.88,0.20,25.37,0.00,3.15
20,4,2006,28.70,14.46,39.22,0.21,25.88,0.19,3.43
21,4,2006,27.63,14.36,39.60,0.32,26.16,0.00,2.97
22,4,2006,30.27,15.59,34.55,0.19,24.55,0.02,7.30
23,4,2006,32.33,15.26,31.92,0.18,26.46,0.00,7.57
24,4,2006,27.20,11.55,38.58,0.17,26.64,0.00,4.77
25,4,2006,25.36,14.73,45.58,0.15,26.27,0.00,9.36
26,4,2006,25.75,14.08,46.71,0.16,25.31,0.09,6.31
27,4,2006,26.43,13.57,40.56,0.45,25.93,0.23,6.11
28,4,2006,25.10,13.17,40.65,0.20,25.95,0.00,6.14
29,4,2006,28.05,12.90,35.46,0.19,25.06,0.00,3.53
30,4,2006,29.39,13.91,32.47,0.19,22.90,0.07,4.43
1,5,2006,27.68,15.30,32.53,0.19,26.06,0.00,6.38
2,5,2006,27.43,13.14,44.61,0.16,25.35,0.00,3.79
3,5,2006,26.30,14.88,54.56,0.94,14.47,2.16,7.98
4,5,2006,25.63,16.61,68.38,1.45,21.73,1.88,4.15
5,5,2006,20.43,14.39,90.01,1.86,11.80,16.16,3.22
6,5,2006,24.11,13.51,74.97,3.38,23.40,0.34,3.59
7,5,2006,24.40,13.26,70.12,3.31,25.51,0.00,4.02
8,5,2006,25.04,12.47,63.36,2.80,26.22,0.00,3.60
9,5,2006,25.93,12.43,65.13,1.74,25.76,0.00,2.38
10,5,2006,29.01,13.56,52.97,0.98,25.83,0.00,3.17
11,5,2006,29.45,15.55,47.28,0.44,25.97,0.00,4.12
12,5,2006,30.12,15.12,47.02,0.33,25.13,0.00,3.33
13,5,2006,31.24,14.59,41.59,0.30,25.59,0.00,3.22
14,5,2006,32.64,14.82,34.87,0.29,26.39,0.00,2.38
15,5,2006,32.62,16.86,30.51,0.28,26.74,0.00,2.35
16,5,2006,32.90,16.15,26.36,0.27,26.95,0.00,2.03
17,5,2006,35.17,17.18,22.00,0.25,27.07,0.00,2.13
18,5,2006,36.87,18.02,25.63,0.26,27.06,0.00,2.96
19,5,2006,40.45,17.65,20.33,0.26,27.06,0.00,3.02
20,5,2006,41.50,21.45,18.62,0.24,27.22,0.00,3.23
21,5,2006,40.60,22.11,21.61,0.22,26.74,0.00,4.31
22,5,2006,41.02,25.23,21.54,0.23,26.17,0.00,5.19
23,5,2006,40.61,22.97,23.08,0.22,26.26,0.00,4.18
24,5,2006,39.74,23.92,27.52,0.21,25.52,0.00,7.85
25,5,2006,33.59,21.92,32.17,0.22,16.53,0.07,4.74
26,5,2006,34.72,21.81,31.41,0.46,24.13,0.22,3.19
27,5,2006,32.75,22.34,30.85,0.21,16.76,0.01,2.02
28,5,2006,35.50,21.88,28.97,0.21,24.21,0.00,2.98
29,5,2006,37.73,22.75,29.30,0.19,26.52,0.00,2.87
30,5,2006,37.51,25.75,35.82,0.44,23.77,0.61,2.76
31,5,2006,35.29,23.53,39.62,0.51,26.81,0.00,6.45
1,6,2006,32.64,20.40,32.48,0.19,23.12,0.00,5.35
2,6,2006,29.47,18.16,30.65,0.17,23.47,0.00,8.85
3,6,2006,28.13,16.24,33.20,0.18,26.18,0.00,5.55
4,6,2006,26.09,14.26,30.33,0.17,26.66,0.00,3.24
5,6,2006,30.39,13.13,25.59,0.19,26.71,0.00,2.09
6,6,2006,33.95,16.84,19.62,0.17,25.66,0.00,3.85
7,6,2006,37.28,17.19,19.73,0.17,26.90,0.00,3.76
8,6,2006,34.31,18.59,28.60,0.16,26.16,0.00,1.97
9,6,2006,37.59,19.82,30.46,0.17,25.94,0.00,2.60
10,6,2006,40.99,22.94,22.91,0.15,25.60,0.00,3.56
11,6,2006,40.02,24.33,24.81,0.16,26.01,0.00,4.36
12,6,2006,35.28,22.66,32.53,0.15,24.03,0.00,3.10
13,6,2006,34.98,21.73,38.10,0.15,25.40,0.00,3.26
14,6,2006,37.73,23.13,30.02,0.17,22.80,0.02,4.60
15,6,2006,41.46,23.85,21.81,0.16,25.88,0.00,6.26
16,6,2006,42.06,25.95,18.24,0.23,25.56,0.08,8.22
17,6,2006,43.13,25.43,19.38,0.15,26.10,0.00,9.29
18,6,2006,42.90,26.24,18.83,0.14,25.61,0.00,8.09
19,6,2006,41.68,24.96,20.89,0.13,26.73,0.00,7.23
20,6,2006,41.13,25.08,24.50,0.14,26.27,0.00,6.82
21,6,2006,41.12,23.75,25.49,0.14,26.33,0.00,4.58
22,6,2006,41.62,24.78,21.05,0.14,26.25,0.00,2.84
23,6,2006,42.69,26.48,17.66,0.14,26.58,0.00,3.07
24,6,2006,44.35,25.97,12.63,0.14,26.98,0.00,3.40
25,6,2006,45.23,25.46,11.27,0.13,26.96,0.00,4.03
26,6,2006,45.29,26.02,12.91,0.13,26.67,0.00,4.16
27,6,2006,43.39,26.35,20.11,0.13,26.10,0.00,2.46
28,6,2006,44.53,26.96,14.95,0.14,26.32,0.00,2.04
29,6,2006,45.39,25.42,14.24,0.13,26.40,0.00,1.79
30,6,2006,45.48,25.99,13.78,0.13,26.47,0.00,2.92
1,7,2006,44.82,29.40,17.78,0.12,25.66,0.00,3.38
2,7,2006,48.18,27.31,14.34,0.15,25.52,0.02,3.06
3,7,2006,41.11,29.93,24.94,0.12,25.68,0.00,3.96
4,7,2006,38.72,25.81,32.56,0.12,25.70,0.00,2.85
5,7,2006,39.97,25.52,25.80,0.12,26.22,0.00,2.70
6,7,2006,43.74,24.98,18.52,0.13,26.17,0.00,2.35
7,7,2006,45.34,25.58,15.66,0.13,26.23,0.00,2.85
8,7,2006,47.33,27.04,12.03,0.12,26.29,0.00,2.65
9,7,2006,44.95,27.81,15.01,0.11,26.11,0.00,2.38
10,7,2006,46.60,27.92,16.46,0.12,25.62,0.00,3.00
11,7,2006,40.56,27.45,22.96,0.11,25.47,0.00,2.97
12,7,2006,37.78,27.08,32.55,0.11,25.48,0.00,2.85
13,7,2006,37.90,26.01,30.73,0.11,25.96,0.00,2.75
14,7,2006,41.43,25.40,23.13,0.12,25.49,0.00,2.77
15,7,2006,42.06,28.14,24.55,0.20,24.44,0.16,2.76
16,7,2006,38.90,27.49,33.64,0.18,24.90,0.00,3.88
17,7,2006,38.01,27.10,34.77,0.11,24.49,0.00,3.38
18,7,2006,37.99,27.76,33.36,0.12,20.22,0.00,4.32
19,7,2006,40.74,27.60,32.42,0.12,24.70,0.00,4.24
20,7,2006,40.98,28.42,27.88,0.11,24.92,0.00,5.13
21,7,2006,40.97,28.18,26.95,0.11,24.82,0.00,3.69
22,7,2006,40.80,27.63,24.97,0.11,25.27,0.00,3.43
23,7,2006,41.02,27.47,23.71,0.11,25.28,0.00,3.80
24,7,2006,40.49,27.19,22.43,0.11,25.31,0.00,3.49
25,7,2006,41.79,27.08,21.65,0.11,25.14,0.00,3.25
26,7,2006,43.06,26.46,19.65,0.11,24.31,0.00,3.17
27,7,2006,44.07,27.61,27.03,0.11,24.26,0.00,4.15
28,7,2006,41.36,28.00,28.79,0.10,24.03,0.00,2.75
29,7,2006,42.52,27.99,25.28,0.10,24.66,0.00,3.37
30,7,2006,45.88,27.21,21.60,0.14,24.20,0.06,3.03
31,7,2006,42.25,27.70,27.24,0.13,24.37,0.00,2.44
1,8,2006,42.03,28.21,27.95,0.11,24.84,0.00,3.02
2,8,2006,42.83,28.29,25.01,0.10,25.01,0.00,4.34
3,8,2006,39.81,27.55,33.48,0.10,24.48,0.00,2.53
4,8,2006,40.04,27.55,37.93,0.10,23.99,0.00,4.40
5,8,2006,35.18,27.19,36.41,0.10,19.83,0.00,1.90
6,8,2006,36.88,25.80,34.94,0.10,23.16,0.00,3.35
7,8,2006,36.57,26.44,36.50,0.10,23.59,0.00,2.79
8,8,2006,36.21,25.24,40.29,0.10,23.59,0.00,3.17
9,8,2006,37.55,26.56,34.06,0.10,23.83,0.00,2.78
10,8,2006,37.24,26.53,33.00,0.09,19.54,0.00,3.86
11,8,2006,42.65,27.10,43.03,0.47,19.37,0.52,4.28
12,8,2006,37.37,26.57,50.39,0.60,22.45,1.25,4.62
13,8,2006,34.41,25.00,53.92,0.90,22.60,0.00,3.55
14,8,2006,28.36,22.30,80.90,1.51,7.55,12.03,3.34
15,8,2006,32.69,22.60,71.91,3.82,21.97,0.03,2.10
16,8,2006,32.89,23.62,69.86,3.03,20.21,0.00,3.90
17,8,2006,39.58,25.38,40.67,2.20,22.62,0.02,6.14
18,8,2006,38.99,24.09,38.65,0.28,23.02,0.00,3.82
19,8,2006,44.45,25.20,31.34,0.13,23.04,0.00,5.33
20,8,2006,40.92,27.15,21.80,0.14,22.86,0.00,4.26
21,8,2006,38.14,25.48,35.73,0.13,22.52,0.00,3.34
22,8,2006,35.83,24.92,33.77,0.12,22.42,0.00,3.01
23,8,2006,38.47,24.45,31.00,0.13,22.47,0.00,3.79
24,8,2006,41.68,25.68,31.09,0.19,21.23,0.28,3.23
25,8,2006,40.59,26.95,25.99,0.33,22.39,0.00,4.91
26,8,2006,38.46,26.34,32.31,0.12,22.26,0.00,4.23
27,8,2006,33.43,22.69,44.79,1.55,14.88,1.77,3.15
28,8,2006,33.54,20.96,44.12,0.39,21.82,0.00,2.73
29,8,2006,36.38,21.83,35.33,0.14,21.63,0.00,2.60
30,8,2006,38.46,23.33,30.44,0.12,21.39,0.00,2.47
31,8,2006,37.12,23.98,41.64,0.20,21.09,0.42,3.05
1,9,2006,34.60,23.92,43.58,0.44,20.73,0.01,2.21
2,9,2006,35.14,24.73,44.22,0.13,21.58,0.00,3.76
3,9,2006,34.98,23.87,38.92,0.11,21.98,0.00,2.79
4,9,2006,34.30,23.36,39.08,0.11,21.75,0.00,3.06
5,9,2006,34.75,22.94,35.74,0.12,21.83,0.00,2.55
6,9,2006,35.38,22.42,37.75,0.11,21.63,0.00,2.88
7,9,2006,35.79,22.60,34.02,0.11,21.65,0.00,2.69
8,9,2006,36.73,23.03,34.65,0.11,20.54,0.01,2.29
9,9,2006,37.89,23.50,36.43,0.14,20.91,0.05,3.13
10,9,2006,33.83,24.48,48.81,0.48,17.47,0.42,2.91
11,9,2006,31.75,23.80,60.28,0.40,18.50,0.44,2.49
12,9,2006,34.94,23.43,49.97,0.28,18.01,0.02,4.54
13,9,2006,36.64,23.92,44.63,0.22,20.41,0.09,3.92
14,9,2006,37.21,24.42,44.63,0.20,19.91,0.19,3.41
15,9,2006,32.90,22.97,49.36,0.73,19.84,0.65,9.37
16,9,2006,30.93,20.16,43.39,0.19,20.62,0.01,5.49
17,9,2006,31.00,20.34,43.71,0.11,19.92,0.00,3.08
18,9,2006,32.82,20.40,41.57,0.10,19.74,0.00,3.21
19,9,2006,33.81,21.46,44.79,0.10,19.45,0.00,3.27
20,9,2006,31.50,22.76,52.16,0.09,14.74,0.00,3.67
21,9,2006,33.50,21.53,52.28,0.09,19.25,0.00,5.45
22,9,2006,35.57,22.56,52.77,0.10,18.77,0.00,6.05
23,9,2006,36.92,23.87,46.89,0.10,18.94,0.00,7.30
24,9,2006,36.79,23.09,45.55,0.14,17.61,0.08,4.98
25,9,2006,36.59,23.30,44.67,0.13,17.97,0.00,3.25
26,9,2006,34.02,24.16,49.60,0.10,18.19,0.00,2.82
27,9,2006,32.39,23.01,49.09,0.09,17.80,0.00,1.91
28,9,2006,31.84,22.50,54.01,0.11,17.28,0.23,3.18
29,9,2006,32.14,23.39,51.62,0.31,16.66,0.03,3.20
30,9,2006,33.19,23.10,48.81,0.12,17.42,0.00,3.43
1,10,2006,34.07,22.35,51.77,0.09,19.25,0.00,2.60
2,10,2006,32.72,22.44,51.80,0.09,19.05,0.00,2.98
3,10,2006,35.00,21.78,46.77,0.09,19.18,0.00,1.99
4,10,2006,35.82,22.37,38.89,0.10,18.83,0.00,6.37
5,10,2006,27.93,19.34,51.62,0.15,17.97,0.09,5.84
6,10,2006,26.86,17.94,43.69,0.10,17.93,0.00,4.59
7,10,2006,27.45,15.44,42.72,0.08,18.31,0.00,2.80
8,10,2006,30.02,16.07,41.57,0.09,18.60,0.00,2.88
9,10,2006,27.62,17.61,42.79,0.08,17.95,0.00,2.01
10,10,2006,27.39,15.91,48.13,0.09,18.09,0.00,2.99
11,10,2006,27.75,17.31,45.50,0.08,14.24,0.00,4.12
12,10,2006,29.03,18.08,47.45,0.10,17.53,0.00,4.02
13,10,2006,27.50,18.68,53.31,0.08,15.98,0.02,4.30
14,10,2006,23.97,16.82,71.01,0.28,11.30,0.36,2.49
15,10,2006,26.89,15.54,60.22,0.29,16.36,0.11,1.72
16,10,2006,29.06,17.34,51.17,0.15,16.62,0.00,3.24
17,10,2006,28.58,18.55,52.10,0.09,15.13,0.00,6.15
18,10,2006,26.60,20.46,54.30,0.23,7.36,1.09,6.07
19,10,2006,26.13,19.28,70.11,1.37,14.33,1.84,4.06
20,10,2006,26.46,16.18,60.11,1.01,15.23,0.00,2.99
21,10,2006,29.50,15.91,56.49,0.46,16.05,0.00,2.15
22,10,2006,30.76,16.72,55.65,0.16,15.91,0.00,3.20
23,10,2006,32.25,17.74,44.39,0.10,15.75,0.00,2.85
24,10,2006,32.99,19.04,35.96,0.10,15.37,0.00,4.00
25,10,2006,32.39,19.94,34.30,0.08,15.82,0.00,6.56
26,10,2006,31.92,18.61,47.27,0.07,15.52,0.00,6.32
27,10,2006,31.41,18.55,48.60,0.07,15.14,0.00,6.15
28,10,2006,26.90,16.91,66.94,0.08,14.76,0.02,1.74
29,10,2006,30.63,15.31,44.54,0.10,15.20,0.00,2.03
30,10,2006,32.58,14.72,28.99,0.10,15.26,0.00,3.95
31,10,2006,27.10,13.74,53.33,0.06,14.87,0.00,2.95
1,11,2006,28.29,14.51,54.44,0.09,15.41,0.00,2.00
2,11,2006,31.53,14.51,36.81,0.09,15.03,0.00,2.59
3,11,2006,24.01,17.86,56.82,0.06,7.80,0.03,4.13
4,11,2006,19.65,15.61,92.83,0.58,0.38,15.77,5.45
5,11,2006,16.27,14.34,85.20,1.47,4.23,0.66,6.30
6,11,2006,15.19,13.89,92.96,0.56,1.49,5.19,2.72
7,11,2006,18.71,13.61,83.70,1.34,7.36,0.23,5.06
8,11,2006,18.95,11.76,80.69,1.55,10.53,0.00,4.25
9,11,2006,17.54,13.07,85.45,0.93,7.54,1.13,2.26
10,11,2006,17.36,11.24,88.66,1.12,11.54,1.36,1.84
11,11,2006,19.55,9.43,77.84,1.40,13.89,0.00,2.79
12,11,2006,20.43,10.04,79.57,1.39,13.62,0.00,4.24
13,11,2006,20.55,10.44,74.85,1.36,13.50,0.00,4.86
14,11,2006,19.65,9.63,75.91,1.01,13.59,0.00,2.37
15,11,2006,19.58,7.58,79.67,0.84,13.43,0.00,2.26
16,11,2006,19.61,7.76,79.84,0.71,13.37,0.00,2.12
17,11,2006,20.25,7.51,78.00,0.57,10.91,0.00,2.09
18,11,2006,22.60,11.05,72.02,0.67,12.90,0.00,1.97
19,11,2006,21.69,9.83,77.43,0.44,12.90,0.00,1.97
20,11,2006,22.05,8.74,76.88,0.39,12.92,0.00,2.27
21,11,2006,21.02,9.93,68.87,0.39,12.94,0.00,5.17
22,11,2006,21.69,10.17,69.09,0.33,10.95,0.00,5.86
23,11,2006,21.22,10.48,69.62,0.29,12.53,0.00,3.37
24,11,2006,20.66,9.19,68.70,0.29,12.43,0.00,2.67
25,11,2006,21.35,8.37,66.70,0.27,12.54,0.00,2.32
26,11,2006,23.00,8.63,61.15,0.28,12.32,0.02,2.51
27,11,2006,24.01,10.86,61.83,0.27,11.80,0.13,2.31
28,11,2006,20.83,11.03,80.43,0.26,11.25,0.16,2.70
29,11,2006,20.14,9.31,80.83,0.25,11.71,0.05,1.48
30,11,2006,17.54,11.54,87.81,0.36,4.41,2.44,2.25
1,12,2006,17.19,13.24,88.51,0.60,5.60,3.09,2.69
2,12,2006,17.22,8.74,86.66,0.88,10.40,1.14,2.02
3,12,2006,16.37,8.14,86.44,0.76,9.28,0.04,2.06
4,12,2006,19.01,6.19,79.75,1.00,11.72,0.00,4.16
5,12,2006,17.67,6.69,82.13,0.71,11.90,0.00,2.13
6,12,2006,16.88,6.18,82.36,0.65,10.33,0.02,2.63
7,12,2006,17.38,7.04,69.73,0.79,12.03,0.00,5.47
8,12,2006,17.14,5.83,73.29,0.58,11.31,0.00,3.04
9,12,2006,17.74,6.16,67.28,0.55,11.49,0.01,4.13
10,12,2006,13.99,9.52,67.10,0.36,5.11,0.03,4.32
11,12,2006,18.99,8.89,71.92,0.32,9.09,0.01,4.30
12,12,2006,19.57,10.48,64.83,0.35,8.72,0.35,6.98
13,12,2006,17.60,10.56,73.99,0.35,3.97,0.46,7.74
14,12,2006,11.80,8.41,86.88,0.24,1.09,12.97,3.13
15,12,2006,14.03,6.78,88.65,0.80,11.60,0.00,2.97
16,12,2006,18.35,7.90,84.95,1.20,10.96,5.00,5.03
17,12,2006,18.16,11.78,85.32,0.91,6.00,3.97,4.75
18,12,2006,18.70,10.75,79.17,1.56,9.91,0.00,6.52
19,12,2006,16.16,6.57,82.36,1.01,11.62,0.00,2.67
20,12,2006,14.36,8.10,93.05,0.43,5.55,0.12,2.46
21,12,2006,16.49,7.94,86.42,0.85,10.01,0.13,2.92
22,12,2006,17.17,9.08,80.23,1.14,10.90,0.02,4.94
23,12,2006,15.52,9.70,79.98,1.03,9.22,0.00,6.75
24,12,2006,16.45,7.42,73.33,1.17,10.99,1.06,4.41
25,12,2006,15.01,8.49,73.41,1.26,11.21,0.24,7.85
26,12,2006,17.76,9.68,72.72,1.15,10.77,0.14,5.84
27,12,2006,14.95,6.54,77.34,0.72,10.34,0.06,2.04
28,12,2006,14.69,4.82,78.10,0.70,11.63,0.00,1.76
29,12,2006,12.62,6.09,82.85,0.40,6.74,0.00,1.68
30,12,2006,14.52,2.43,81.40,0.54,11.71,0.00,2.06
31,12,2006,15.31,2.89,80.30,0.53,11.75,0.00,2.27
1,1,2007,14.88,2.07,82.42,0.49,10.45,0.00,2.26
2,1,2007,17.00,2.39,81.71,0.44,10.96,0.02,3.26
3,1,2007,16.17,4.51,78.79,0.51,10.22,0.00,3.74
4,1,2007,15.02,2.71,80.45,0.44,11.82,0.01,2.14
5,1,2007,18.31,3.66,77.95,0.52,11.76,0.02,4.71
6,1,2007,15.31,4.00,79.74,0.41,11.34,0.02,2.35
7,1,2007,15.14,3.31,81.72,0.37,10.90,0.00,2.05
8,1,2007,15.21,3.16,83.92,0.34,12.17,0.00,2.98
9,1,2007,15.42,3.86,79.25,0.38,12.12,0.00,2.51
10,1,2007,15.94,2.67,78.92,0.36,12.30,0.00,1.99
11,1,2007,17.52,3.12,77.55,0.35,12.28,0.00,2.50
12,1,2007,19.21,3.63,76.58,0.34,12.77,0.00,3.50
13,1,2007,17.98,2.76,74.13,0.35,12.74,0.01,2.26
14,1,2007,17.60,2.81,74.77,0.30,12.86,0.00,2.00
15,1,2007,17.68,2.68,72.15,0.31,12.54,0.01,2.16
16,1,2007,16.61,5.18,81.46,0.22,12.01,0.00,2.19
17,1,2007,17.45,3.72,79.25,0.26,12.45,0.00,1.63
18,1,2007,19.39,3.93,76.00,0.27,13.11,0.00,2.58
19,1,2007,18.92,3.54,76.85,0.25,13.11,0.00,2.48
20,1,2007,20.71,4.75,67.87,0.28,13.34,0.00,2.23
21,1,2007,17.87,4.64,71.99,0.22,12.72,0.00,2.37
22,1,2007,17.59,5.35,76.28,0.20,11.20,0.00,2.13
23,1,2007,18.08,4.86,67.69,0.25,13.79,0.00,3.73
24,1,2007,15.95,5.01,55.93,0.25,13.52,0.00,4.36
25,1,2007,11.20,4.75,62.01,0.18,6.05,0.01,3.65
26,1,2007,14.31,4.07,61.27,0.17,9.72,0.00,3.56
27,1,2007,15.48,0.92,60.64,0.18,14.29,0.00,6.64
28,1,2007,13.50,2.85,61.20,0.18,13.34,0.00,3.17
29,1,2007,11.99,2.25,67.86,0.14,6.36,0.13,2.09
30,1,2007,18.08,6.74,61.87,0.36,14.45,0.20,3.18
31,1,2007,18.02,5.35,79.14,0.19,10.58,0.03,2.64
1,2,2007,18.27,5.83,76.14,0.23,13.48,0.00,2.40
2,2,2007,18.28,6.42,71.31,0.21,13.73,0.00,2.90
3,2,2007,16.42,8.87,69.91,0.16,9.56,0.00,4.39
4,2,2007,18.83,7.73,66.04,0.54,13.85,0.91,2.98
5,2,2007,15.19,8.00,78.33,0.25,6.76,0.02,1.62
6,2,2007,15.48,6.81,79.66,0.35,10.81,0.44,2.34
7,2,2007,15.44,8.09,84.82,0.24,8.27,0.06,1.95
8,2,2007,18.08,6.73,65.20,0.41,15.96,0.00,3.33
9,2,2007,19.87,7.81,72.10,0.49,12.20,0.55,2.68
10,2,2007,20.96,5.50,66.93,0.38,16.01,0.00,5.16
11,2,2007,22.50,8.80,66.75,0.26,15.91,0.00,5.08
12,2,2007,24.75,8.32,62.63,0.24,16.04,0.00,3.81
13,2,2007,21.96,10.33,66.55,0.16,16.34,0.00,5.10
14,2,2007,23.71,8.25,66.18,0.17,16.41,0.00,2.67
15,2,2007,22.89,10.24,49.72,0.14,17.43,0.00,6.29
16,2,2007,21.62,4.80,43.28,0.13,17.52,0.00,2.67
17,2,2007,21.37,6.53,34.83,0.14,16.68,0.00,5.01
18,2,2007,20.42,9.79,47.96,0.11,17.65,0.00,9.37
19,2,2007,18.62,5.92,46.15,0.11,18.08,0.00,4.50
20,2,2007,19.31,3.32,46.98,0.12,18.33,0.00,3.70
21,2,2007,19.19,5.54,48.47,0.11,16.98,0.00,4.06
22,2,2007,18.58,9.07,49.76,0.11,18.08,0.00,8.12
23,2,2007,20.03,6.48,59.83,0.11,14.57,0.00,5.50
24,2,2007,21.35,7.97,56.43,0.11,17.74,0.00,6.95
25,2,2007,21.93,8.79,54.14,0.13,18.54,0.13,7.03
26,2,2007,14.96,7.01,41.96,0.17,19.52,0.00,9.95
27,2,2007,21.41,3.22,43.58,0.15,19.27,0.00,3.69
28,2,2007,25.32,7.28,46.31,0.14,19.08,0.00,3.00
1,3,2007,24.93,10.71,48.56,0.10,18.02,0.00,4.45
2,3,2007,25.36,8.37,48.91,0.10,18.71,0.00,5.80
3,3,2007,24.27,9.39,49.82,0.11,18.53,0.00,3.10
4,3,2007,27.99,8.42,45.99,0.11,18.90,0.00,2.47
5,3,2007,27.42,9.72,42.91,0.10,18.82,0.00,2.80
6,3,2007,24.41,11.92,56.83,0.08,18.85,0.00,2.95
7,3,2007,25.91,14.80,47.78,0.12,17.84,0.06,5.48
8,3,2007,18.16,11.05,51.31,0.13,17.52,0.08,13.65
9,3,2007,19.52,11.28,60.68,0.18,15.97,0.13,14.17
10,3,2007,17.85,10.18,53.20,0.16,18.10,0.13,11.17
11,3,2007,17.12,9.27,50.48,0.19,19.12,0.02,10.41
12,3,2007,18.64,8.71,53.74,0.14,16.97,0.01,6.85
13,3,2007,19.72,7.74,52.49,0.13,20.28,0.00,2.59
14,3,2007,20.42,7.59,54.38,0.10,19.95,0.00,1.86
15,3,2007,21.52,8.21,56.24,0.10,20.63,0.00,1.84
16,3,2007,21.93,9.36,55.62,0.09,20.79,0.00,4.21
17,3,2007,24.37,9.70,55.78,0.28,19.81,0.27,4.74
18,3,2007,23.09,11.66,44.11,0.14,21.34,0.00,5.04
19,3,2007,26.30,8.00,38.96,0.11,22.16,0.00,5.11
20,3,2007,16.63,6.18,36.73,0.07,21.76,0.00,7.60
21,3,2007,16.60,3.93,38.10,0.08,18.17,0.01,7.18
22,3,2007,16.26,5.49,44.05,0.08,22.58,0.00,8.34
23,3,2007,19.71,4.03,51.89,0.09,21.09,0.02,5.51
24,3,2007,21.01,5.22,43.81,0.11,23.04,0.00,3.71
25,3,2007,22.51,6.48,35.36,0.09,22.46,0.00,3.44
26,3,2007,24.20,7.37,31.69,0.09,23.19,0.00,2.59
27,3,2007,25.64,7.91,32.53,0.09,23.31,0.00,3.56
28,3,2007,25.73,10.39,42.24,0.09,22.84,0.14,6.14
29,3,2007,21.34,11.69,46.60,0.35,18.85,0.36,8.32
30,3,2007,22.02,9.80,44.06,0.22,24.01,0.00,5.63
31,3,2007,21.61,8.43,55.98,0.10,22.44,0.01,4.31
1,4,2007,24.30,10.37,59.70,0.10,22.18,0.09,4.69
2,4,2007,25.43,13.95,55.59,0.40,20.11,0.30,3.22
3,4,2007,23.32,12.84,67.53,0.17,20.00,1.61,4.51
4,4,2007,18.68,11.08,63.34,0.97,8.99,0.64,5.73
5,4,2007,18.94,8.65,71.64,0.80,21.35,0.75,3.63
6,4,2007,18.38,11.38,66.77,0.81,17.33,0.26,2.15
7,4,2007,18.48,10.51,73.02,0.47,17.12,0.00,2.14
8,4,2007,23.02,8.69,65.38,0.34,22.95,0.00,2.28
9,4,2007,24.72,9.68,58.72,0.15,23.91,0.00,2.85
10,4,2007,24.35,11.17,56.74,0.10,23.72,0.00,2.83
11,4,2007,26.36,11.31,51.45,0.08,24.14,0.00,3.60
12,4,2007,25.87,14.94,40.74,0.17,18.68,0.17,6.54
13,4,2007,28.21,14.89,28.56,0.16,21.32,0.04,7.97
14,4,2007,27.09,13.63,46.26,0.09,24.88,0.00,3.53
15,4,2007,26.76,13.80,50.19,0.07,24.81,0.00,3.76
16,4,2007,27.11,13.75,44.14,0.09,25.07,0.00,3.42
17,4,2007,29.16,13.48,42.28,0.06,25.15,0.00,4.92
18,4,2007,31.37,16.26,32.37,0.09,25.23,0.00,8.81
19,4,2007,31.13,19.22,31.47,0.06,24.07,0.00,7.35
20,4,2007,29.44,15.30,44.66,0.12,23.87,0.87,3.07
21,4,2007,29.81,17.68,49.37,0.78,24.32,0.00,4.01
22,4,2007,30.20,16.96,46.62,0.17,24.05,0.10,2.44
23,4,2007,30.83,16.44,42.63,0.16,25.86,0.00,2.77
24,4,2007,30.66,17.50,37.62,0.08,25.98,0.02,3.47
25,4,2007,29.09,17.10,32.41,0.09,26.47,0.00,2.84
26,4,2007,29.52,18.55,41.62,0.07,24.52,0.00,3.58
27,4,2007,29.49,19.17,36.54,0.07,23.79,0.02,4.76
28,4,2007,29.33,16.88,46.42,0.08,22.85,0.03,4.56
29,4,2007,30.08,20.22,39.58,0.09,24.17,0.00,4.68
30,4,2007,29.19,18.61,32.53,0.08,26.40,0.00,3.25
1,5,2007,23.83,14.38,60.71,0.38,13.81,5.70,5.90
2,5,2007,24.68,10.27,55.84,3.02,24.46,0.01,4.30
3,5,2007,25.99,11.36,63.07,1.57,24.04,0.30,4.55
4,5,2007,24.53,11.93,50.82,0.79,25.79,0.00,7.43
5,5,2007,25.22,12.79,43.39,0.28,25.38,0.00,6.80
6,5,2007,23.74,12.39,47.09,0.81,23.08,0.98,4.05
7,5,2007,24.41,12.59,42.85,0.33,24.00,0.05,3.89
8,5,2007,26.77,13.31,36.81,0.11,24.88,0.00,6.56
9,5,2007,30.45,13.20,35.39,0.08,26.20,0.00,5.76
10,5,2007,30.91,15.16,27.34,0.07,26.41,0.00,3.59
11,5,2007,33.24,15.98,23.81,0.08,26.54,0.00,2.81
12,5,2007,34.83,15.60,22.15,0.07,26.73,0.00,3.03
13,5,2007,36.96,16.30,21.16,0.06,26.74,0.00,2.90
14,5,2007,37.56,19.26,23.69,0.07,26.55,0.00,4.79
15,5,2007,34.10,21.03,29.05,0.07,25.81,0.00,4.15
16,5,2007,28.91,20.56,44.35,0.10,19.43,0.16,2.51
17,5,2007,29.77,18.55,41.29,0.16,25.65,0.00,5.84
18,5,2007,28.35,16.13,36.28,0.07,26.61,0.00,7.01
19,5,2007,29.18,15.95,38.90,0.07,26.30,0.00,5.97
20,5,2007,29.91,16.43,39.03,0.06,26.64,0.00,2.93
21,5,2007,32.03,18.17,34.44,0.06,23.59,0.00,2.50
22,5,2007,35.62,18.86,31.72,0.07,25.86,0.00,2.84
23,5,2007,34.60,23.90,29.82,0.10,24.99,0.03,4.90
24,5,2007,37.10,21.75,27.00,0.07,26.60,0.00,4.01
25,5,2007,40.35,22.46,24.10,0.07,26.19,0.00,4.77
26,5,2007,39.35,25.54,20.89,0.07,23.83,0.00,5.64
27,5,2007,30.61,19.67,36.82,0.04,27.43,0.00,8.89
28,5,2007,31.92,16.81,35.74,0.07,27.19,0.00,5.92
29,5,2007,30.72,18.60,36.09,0.06,27.22,0.00,4.50
30,5,2007,31.35,18.93,38.74,0.06,26.84,0.00,3.03
31,5,2007,34.10,19.22,36.04,0.06,26.96,0.00,3.74
1,6,2007,35.37,21.62,33.23,0.33,24.27,0.34,4.11
2,6,2007,32.22,21.11,30.08,0.15,22.86,0.06,3.98
3,6,2007,29.76,18.56,33.87,0.09,25.22,0.00,4.30
4,6,2007,30.35,17.78,36.32,0.06,25.54,0.00,2.47
5,6,2007,35.05,18.06,26.72,0.07,25.84,0.00,2.78
6,6,2007,39.77,21.98,21.14,0.06,24.28,0.01,3.93
7,6,2007,40.13,23.83,27.72,0.09,25.19,0.03,4.73
8,6,2007,39.35,22.45,35.41,0.11,24.10,0.05,5.62
9,6,2007,38.98,23.01,24.37,0.12,25.35,0.13,5.47
10,6,2007,37.29,25.10,20.87,0.14,16.43,0.03,7.12
11,6,2007,40.07,25.43,22.59,0.11,24.78,0.05,10.01
12,6,2007,37.54,23.58,23.29,0.07,25.92,0.00,7.39
13,6,2007,39.81,20.95,23.82,0.07,25.99,0.00,4.24
14,6,2007,39.41,23.39,27.89,0.07,25.53,0.00,3.59
15,6,2007,40.00,22.85,22.83,0.06,26.02,0.00,2.89
16,6,2007,40.86,24.59,24.68,0.07,25.87,0.00,5.24
17,6,2007,44.27,25.52,19.86,0.06,26.12,0.00,7.50
18,6,2007,46.69,26.68,13.51,0.07,26.56,0.00,6.87
19,6,2007,47.13,28.51,12.04,0.08,26.43,0.00,7.50
20,6,2007,44.33,28.50,13.76,0.07,26.28,0.00,5.96
21,6,2007,44.08,25.68,17.71,0.07,26.32,0.00,4.22
22,6,2007,44.52,27.60,15.53,0.09,26.15,0.00,4.59
23,6,2007,44.46,31.39,15.36,0.08,25.58,0.00,5.24
24,6,2007,44.15,28.31,16.45,0.07,26.24,0.00,4.25
25,6,2007,45.69,27.82,11.71,0.09,26.27,0.00,4.03
26,6,2007,42.63,27.04,25.88,0.06,25.31,0.00,4.97
27,6,2007,39.59,26.60,31.74,0.07,25.54,0.00,3.84
28,6,2007,38.32,25.12,31.41,0.05,21.36,0.00,4.48
29,6,2007,39.83,27.08,35.83,0.06,23.08,0.00,2.77
30,6,2007,40.15,27.80,29.94,0.08,25.18,0.00,3.62
1,7,2007,39.84,26.13,23.09,0.07,26.01,0.02,2.81
2,7,2007,40.50,25.77,20.05,0.29,26.12,0.42,2.75
3,7,2007,40.17,26.03,24.84,0.08,26.21,0.00,4.75
4,7,2007,38.78,24.89,30.94,0.06,25.97,0.00,2.45
5,7,2007,38.63,25.67,25.68,0.07,25.72,0.00,3.35
6,7,2007,35.29,24.45,34.98,0.05,25.47,0.00,3.18
7,7,2007,37.46,24.04,29.56,0.06,25.45,0.00,4.06
8,7,2007,40.66,25.62,28.92,0.07,25.17,0.00,4.12
9,7,2007,43.70,26.84,30.22,0.08,25.56,0.00,3.82
10,7,2007,40.33,27.34,30.02,0.06,25.81,0.00,5.48
11,7,2007,37.31,25.99,30.97,0.06,25.16,0.00,2.70
12,7,2007,34.70,23.97,32.32,0.05,25.42,0.00,3.44
13,7,2007,35.62,22.97,28.36,0.06,25.29,0.00,3.30
14,7,2007,37.41,23.61,31.30,0.06,25.29,0.00,4.03
15,7,2007,36.90,24.12,29.32,0.05,25.51,0.00,4.22
16,7,2007,37.80,23.56,22.71,0.06,25.80,0.00,2.38
17,7,2007,39.93,24.25,25.07,0.06,25.59,0.00,2.73
18,7,2007,39.08,24.54,23.10,0.07,25.75,0.00,3.24
19,7,2007,38.38,24.87,25.20,0.07,25.65,0.00,2.29
20,7,2007,38.87,24.91,22.66,0.06,25.71,0.00,3.51
21,7,2007,40.25,24.03,21.93,0.06,25.65,0.00,3.14
22,7,2007,40.97,23.88,20.40,0.07,25.65,0.00,2.81
23,7,2007,40.57,25.05,23.65,0.06,25.48,0.00,3.05
24,7,2007,42.47,26.25,20.72,0.08,25.50,0.00,2.82
25,7,2007,44.21,25.65,18.86,0.07,25.32,0.00,3.16
26,7,2007,40.76,26.73,25.68,0.06,25.18,0.00,3.70
27,7,2007,40.39,25.74,29.04,0.07,25.00,0.00,2.11
28,7,2007,38.97,25.42,35.40,0.06,24.89,0.00,2.88
29,7,2007,40.52,25.47,23.73,0.07,25.01,0.00,2.85
30,7,2007,41.24,25.77,23.04,0.07,22.62,0.11,2.75
31,7,2007,41.53,26.83,21.28,0.07,24.75,0.00,5.16
1,8,2007,40.60,26.68,24.40,0.06,24.36,0.00,6.25
2,8,2007,40.75,26.59,24.24,0.06,24.78,0.00,4.66
3,8,2007,43.04,26.12,22.93,0.07,24.60,0.00,3.34
4,8,2007,39.99,26.71,34.32,0.07,24.32,0.00,3.02
5,8,2007,39.12,25.04,24.61,0.06,24.75,0.00,2.47
6,8,2007,37.27,24.34,34.85,0.05,24.57,0.00,4.25
7,8,2007,39.38,24.76,31.43,0.05,23.06,0.02,4.75
8,8,2007,44.32,25.87,20.92,0.08,21.94,0.05,2.66
9,8,2007,43.50,29.08,26.31,0.07,23.32,0.00,5.55
10,8,2007,38.63,26.93,33.32,0.06,23.02,0.01,2.91
11,8,2007,39.27,27.18,31.95,0.06,23.04,0.01,4.91
12,8,2007,42.14,28.59,31.51,0.26,19.13,0.52,5.54
13,8,2007,43.19,29.72,24.24,0.18,22.21,0.00,6.05
14,8,2007,42.78,28.21,39.46,0.06,22.97,0.00,7.94
15,8,2007,38.87,25.68,37.47,0.06,23.55,0.00,4.45
16,8,2007,38.29,27.28,34.55,0.06,23.06,0.01,2.69
17,8,2007,37.77,25.67,36.30,0.07,23.12,0.00,2.00
18,8,2007,38.38,25.75,32.00,0.05,22.62,0.02,2.86
19,8,2007,43.10,26.99,26.28,0.35,17.81,0.66,5.18
20,8,2007,42.74,29.02,30.24,0.69,20.18,0.47,3.60
21,8,2007,39.28,27.01,38.57,0.18,21.99,0.05,3.79
22,8,2007,39.45,27.70,40.11,0.11,12.80,0.05,7.94
23,8,2007,37.98,25.86,40.12,0.30,20.21,0.32,5.35
24,8,2007,42.93,27.19,29.16,0.15,21.71,0.00,6.70
25,8,2007,41.59,26.49,26.49,0.06,22.41,0.00,4.69
26,8,2007,41.49,25.32,28.37,0.07,22.13,0.00,2.13
27,8,2007,40.56,26.62,25.62,0.06,22.04,0.00,2.63
28,8,2007,35.51,24.10,28.90,0.05,22.22,0.00,2.48
29,8,2007,36.63,24.12,39.04,0.05,21.73,0.00,3.17
30,8,2007,39.57,24.06,28.26,0.04,21.83,0.00,2.70
31,8,2007,40.66,24.72,24.78,0.07,21.54,0.00,3.20
1,9,2007,36.27,25.62,41.95,0.05,22.36,0.00,3.99
2,9,2007,35.09,25.12,45.67,0.04,21.71,0.01,3.20
3,9,2007,34.97,24.72,42.84,0.05,21.00,0.01,3.51
4,9,2007,36.55,25.58,37.69,0.06,21.29,0.00,2.51
5,9,2007,36.73,23.95,28.19,0.06,22.00,0.00,3.06
6,9,2007,34.05,23.56,44.76,0.04,21.12,0.00,3.19
7,9,2007,30.61,23.44,55.88,0.04,14.10,0.09,3.90
8,9,2007,31.81,22.43,46.43,0.06,20.83,0.01,2.23
9,9,2007,33.57,22.44,37.50,0.05,18.85,0.00,2.82
10,9,2007,36.25,23.88,31.89,0.05,18.45,0.00,3.35
11,9,2007,38.31,23.26,28.06,0.06,20.98,0.00,3.42
12,9,2007,39.20,22.75,26.36,0.06,20.80,0.00,1.80
13,9,2007,37.44,24.53,35.79,0.05,20.69,0.00,3.00
14,9,2007,35.51,23.32,33.76,0.05,20.49,0.00,2.56
15,9,2007,32.63,23.68,49.14,0.04,18.86,0.00,2.25
16,9,2007,31.75,23.04,46.41,0.03,19.40,0.01,2.73
17,9,2007,33.92,21.48,35.34,0.04,19.85,0.00,2.84
18,9,2007,37.04,21.62,29.53,0.05,19.84,0.00,2.30
19,9,2007,36.87,22.48,30.67,0.05,19.82,0.00,2.95
20,9,2007,38.12,21.76,28.47,0.05,19.59,0.00,2.24
21,9,2007,32.80,22.88,51.03,0.03,18.94,0.00,3.02
22,9,2007,32.22,21.85,46.75,0.04,18.78,0.00,3.52
23,9,2007,32.64,21.94,45.96,0.04,18.61,0.00,3.10
24,9,2007,38.09,22.06,36.58,0.11,18.68,0.16,4.39
25,9,2007,33.71,22.64,43.19,0.12,19.03,0.00,7.20
26,9,2007,34.16,19.93,43.72,0.06,18.50,0.00,3.33
27,9,2007,34.49,22.41,43.08,0.05,17.61,0.02,3.75
28,9,2007,36.31,22.71,43.03,0.07,16.82,0.16,5.44
29,9,2007,36.76,24.12,41.21,0.23,17.31,0.09,4.11
30,9,2007,38.87,24.03,33.59,0.09,18.12,0.00,5.28
1,10,2007,34.87,22.14,46.22,0.04,19.46,0.00,3.62
2,10,2007,32.34,22.09,54.77,0.05,18.81,0.00,3.37
3,10,2007,31.98,22.05,54.13,0.04,18.06,0.00,4.62
4,10,2007,34.61,21.83,47.08,0.04,18.69,0.00,5.96
5,10,2007,35.27,23.37,40.27,0.09,17.98,0.05,7.05
6,10,2007,33.21,21.33,36.61,0.05,18.34,0.00,6.79
7,10,2007,30.28,19.46,39.82,0.05,18.74,0.00,5.86
8,10,2007,29.64,19.45,43.28,0.03,18.58,0.00,3.54
9,10,2007,28.97,19.10,46.59,0.04,17.96,0.00,2.59
10,10,2007,28.23,19.36,48.83,0.05,17.02,0.03,2.66
11,10,2007,28.87,19.25,54.46,0.07,16.41,0.03,4.02
12,10,2007,30.14,19.12,60.22,0.10,17.14,0.30,2.95
13,10,2007,30.79,19.74,61.50,0.27,16.93,0.00,2.11
14,10,2007,28.97,20.32,63.09,0.07,13.25,0.02,4.53
15,10,2007,30.25,20.62,57.84,0.31,14.04,1.14,7.03
16,10,2007,29.55,20.87,55.14,1.41,14.62,1.13,7.20
17,10,2007,29.03,19.30,49.16,0.60,16.18,0.30,5.95
18,10,2007,28.52,18.63,51.89,0.46,15.25,0.17,3.11
19,10,2007,26.29,18.36,60.98,0.19,9.53,0.37,2.55
20,10,2007,25.53,15.99,46.10,0.44,15.07,0.22,5.57
21,10,2007,22.48,13.95,46.62,0.13,16.53,0.00,5.49
22,10,2007,22.65,12.45,49.19,0.07,16.29,0.00,2.84
23,10,2007,24.48,11.59,39.24,0.05,15.43,0.00,2.17
24,10,2007,24.81,13.56,50.46,0.04,11.73,0.01,2.90
25,10,2007,26.40,14.15,51.16,0.05,13.29,0.15,5.55
26,10,2007,23.14,14.22,45.46,0.13,8.89,0.00,6.69
27,10,2007,23.36,12.56,50.21,0.08,15.24,0.00,5.26
28,10,2007,22.68,11.60,48.46,0.05,15.67,0.00,4.21
29,10,2007,21.83,9.29,55.69,0.05,15.07,0.00,1.91
30,10,2007,26.36,10.77,46.85,0.04,15.43,0.00,7.22
31,10,2007,20.86,12.45,51.00,0.04,14.91,0.00,7.10
1,11,2007,22.76,12.10,52.65,0.04,15.36,0.00,5.75
2,11,2007,22.65,11.99,53.02,0.04,14.28,0.00,3.08
3,11,2007,21.10,12.72,52.11,0.05,14.08,0.00,2.29
4,11,2007,21.42,8.83,51.48,0.04,15.12,0.00,1.98
5,11,2007,24.36,8.86,39.57,0.06,15.19,0.00,2.67
6,11,2007,22.68,10.21,55.55,0.02,14.73,0.00,2.85
7,11,2007,21.28,10.75,68.33,0.03,13.87,0.00,2.91
8,11,2007,21.06,11.06,67.41,0.04,13.30,0.00,2.18
9,11,2007,24.50,10.56,58.91,0.05,14.18,0.00,2.74
10,11,2007,21.26,11.61,50.53,0.04,14.36,0.00,3.57
11,11,2007,19.71,8.19,52.71,0.04,14.33,0.00,1.96
12,11,2007,21.05,6.89,48.77,0.04,14.19,0.00,2.22
13,11,2007,20.92,9.10,48.78,0.04,9.35,0.00,3.61
14,11,2007,19.63,9.23,55.70,0.04,13.75,0.00,2.90
15,11,2007,20.27,8.48,61.92,0.04,12.71,0.00,5.08
16,11,2007,18.26,9.55,49.21,0.04,13.75,0.00,6.31
17,11,2007,16.91,6.78,52.25,0.04,13.65,0.00,4.43
18,11,2007,16.69,4.90,53.40,0.04,13.31,0.00,3.06
19,11,2007,17.70,4.77,48.91,0.04,11.98,0.00,3.43
20,11,2007,18.38,6.47,46.25,0.04,12.29,0.00,2.55
21,11,2007,18.57,7.76,53.25,0.03,11.51,0.00,2.63
22,11,2007,19.82,6.64,50.75,0.06,11.65,0.00,2.37
23,11,2007,22.13,7.00,51.16,0.07,11.97,0.13,4.05
24,11,2007,20.84,10.39,62.00,0.15,10.89,5.61,3.63
25,11,2007,18.92,11.27,81.60,1.09,11.73,0.35,3.77
26,11,2007,17.42,9.23,70.35,1.23,12.41,0.00,5.29
27,11,2007,15.70,8.17,63.94,0.99,9.16,0.13,3.83
28,11,2007,13.84,7.49,64.84,0.86,11.45,0.00,3.52
29,11,2007,16.00,5.21,73.13,0.50,12.22,0.01,3.63
30,11,2007,16.28,4.25,75.21,0.36,11.91,0.00,1.89
1,12,2007,17.01,3.84,71.14,0.31,11.68,0.00,1.69
2,12,2007,18.14,8.69,67.74,0.23,9.45,0.00,3.15
3,12,2007,17.69,8.88,65.93,0.16,11.64,0.02,6.04
4,12,2007,19.05,8.63,69.05,0.10,11.76,0.00,6.53
5,12,2007,18.52,7.98,69.27,0.09,11.26,0.00,2.67
6,12,2007,19.16,5.86,72.48,0.07,11.85,0.00,2.27
7,12,2007,17.23,6.74,72.90,0.04,11.79,0.00,3.59
8,12,2007,19.84,7.22,68.98,0.06,11.78,0.00,5.08
9,12,2007,19.99,8.21,66.16,0.05,11.75,0.00,3.37
10,12,2007,20.05,8.50,65.93,0.04,11.56,0.00,5.39
11,12,2007,16.70,5.81,62.66,0.05,11.95,0.00,5.61
12,12,2007,15.18,4.80,56.39,0.04,11.82,0.00,5.76
13,12,2007,14.40,4.79,57.05,0.04,11.86,0.00,5.66
14,12,2007,13.83,4.01,55.80,0.04,11.38,0.00,6.08
15,12,2007,12.95,2.48,50.47,0.05,12.09,0.00,4.32
16,12,2007,11.32,-0.06,56.33,0.04,11.85,0.00,2.62
17,12,2007,11.61,0.15,55.52,0.04,11.76,0.00,2.47
18,12,2007,13.71,-0.56,55.87,0.05,11.75,0.00,2.23
19,12,2007,13.09,0.24,63.48,0.04,11.45,0.00,2.62
20,12,2007,13.42,2.30,62.84,0.04,10.35,0.00,2.86
21,12,2007,14.27,6.75,59.83,0.06,5.01,0.13,7.03
22,12,2007,16.16,5.98,48.00,0.11,8.42,0.00,5.64
23,12,2007,19.56,4.06,59.22,0.07,11.59,0.00,2.84
24,12,2007,17.38,5.23,69.30,0.06,8.47,0.33,3.99
25,12,2007,16.71,6.83,64.77,0.25,9.77,0.20,3.12
26,12,2007,14.46,3.99,71.62,0.15,9.94,0.00,2.29
27,12,2007,14.03,4.81,65.52,0.11,8.27,0.00,2.13
28,12,2007,16.06,8.86,68.96,0.23,5.73,2.86,3.68
29,12,2007,12.87,9.65,89.45,0.53,2.09,15.66,4.47
30,12,2007,16.71,7.07,74.31,1.84,11.30,0.12,5.93
31,12,2007,13.63,6.71,75.18,1.44,10.81,0.01,6.09
1,1,2008,13.69,3.54,80.23,0.91,11.37,0.00,2.83
2,1,2008,11.93,1.65,87.03,0.71,11.80,0.00,2.15
3,1,2008,9.49,4.88,90.16,0.52,5.97,0.08,3.65
4,1,2008,11.31,5.43,88.87,0.81,9.05,2.72,2.69
5,1,2008,14.72,3.81,82.05,0.88,11.51,0.03,4.86
6,1,2008,16.54,5.18,81.88,0.82,11.48,0.03,4.05
7,1,2008,15.57,4.55,84.31,0.67,10.17,0.03,3.18
8,1,2008,15.17,5.21,81.70,0.71,10.83,0.00,2.04
9,1,2008,15.39,4.00,84.65,0.62,10.88,0.00,2.09
10,1,2008,13.79,4.50,85.91,0.56,10.85,0.27,1.86
11,1,2008,11.68,6.08,94.33,0.45,8.72,1.13,1.72
12,1,2008,15.83,6.38,79.69,0.73,11.36,0.04,3.45
13,1,2008,13.93,2.34,68.35,0.74,12.95,0.00,3.08
14,1,2008,13.69,2.34,83.93,0.48,12.38,0.00,2.04
15,1,2008,15.95,3.55,77.48,0.51,11.87,0.00,4.18
16,1,2008,17.22,2.39,73.49,0.49,12.40,0.02,3.27
17,1,2008,16.53,5.57,66.66,0.49,12.22,0.00,5.83
18,1,2008,18.01,4.73,71.29,0.36,12.71,0.00,5.93
19,1,2008,19.43,6.51,70.52,0.35,13.11,0.00,4.27
20,1,2008,16.83,4.18,74.83,0.23,12.98,0.00,1.91
21,1,2008,17.56,4.00,77.35,0.21,13.26,0.00,1.97
22,1,2008,21.70,3.99,63.76,0.26,13.70,0.00,5.77
23,1,2008,17.61,8.42,54.77,0.22,13.82,0.00,8.66
24,1,2008,16.90,5.88,46.56,0.19,14.18,0.00,7.23
25,1,2008,15.49,4.53,54.62,0.17,14.14,0.00,3.80
26,1,2008,14.90,1.89,64.36,0.13,13.85,0.00,1.96
27,1,2008,14.54,4.36,65.35,0.14,13.02,0.00,2.06
28,1,2008,20.59,1.56,56.40,0.15,14.77,0.01,3.52
29,1,2008,16.47,3.24,62.86,0.13,14.50,0.00,2.70
30,1,2008,17.78,2.16,69.82,0.13,14.68,0.00,2.52
31,1,2008,18.61,1.90,65.41,0.14,14.96,0.00,2.09
1,2,2008,17.49,2.34,64.31,0.14,14.58,0.00,2.26
2,2,2008,18.21,2.79,62.66,0.12,14.93,0.00,2.42
3,2,2008,18.33,3.00,59.62,0.14,15.10,0.00,2.16
4,2,2008,20.11,2.78,52.65,0.14,15.26,0.00,2.29
5,2,2008,19.37,4.40,59.93,0.12,15.09,0.00,2.74
6,2,2008,17.59,5.10,78.54,0.08,15.09,0.00,2.43
7,2,2008,19.22,4.25,70.27,0.13,15.44,0.00,2.03
8,2,2008,17.06,4.78,71.82,0.10,15.53,0.00,2.03
9,2,2008,13.52,3.87,55.17,0.12,15.68,0.00,2.38
10,2,2008,15.26,3.20,51.65,0.12,15.90,0.00,2.50
11,2,2008,17.39,1.44,48.08,0.11,16.60,0.00,2.87
12,2,2008,19.14,2.47,43.83,0.11,16.34,0.01,3.27
13,2,2008,19.17,3.96,40.10,0.12,16.54,0.00,2.92
14,2,2008,19.15,9.10,41.71,0.18,9.68,0.25,1.81
15,2,2008,22.30,8.54,58.20,0.20,16.73,0.00,4.04
16,2,2008,21.21,9.11,57.56,0.13,17.17,0.00,7.00
17,2,2008,19.05,6.68,65.51,0.14,15.09,0.45,3.75
18,2,2008,13.80,9.59,73.05,0.51,8.30,1.04,5.57
19,2,2008,14.28,9.18,80.54,0.52,6.36,1.30,3.13
20,2,2008,18.99,9.22,71.13,0.71,10.84,0.06,3.52
21,2,2008,21.12,7.70,53.65,0.73,16.83,0.00,2.74
22,2,2008,21.42,7.78,56.74,0.44,17.58,0.02,2.56
23,2,2008,19.86,7.61,66.31,0.20,18.08,0.00,2.80
24,2,2008,18.78,8.40,70.68,0.12,15.27,0.00,3.73
25,2,2008,20.70,8.41,63.72,0.13,18.26,0.00,3.24
26,2,2008,21.41,7.73,57.90,0.11,17.09,0.00,2.05
27,2,2008,23.00,6.89,56.03,0.11,18.84,0.00,1.82
28,2,2008,21.48,9.40,62.77,0.08,18.86,0.00,2.22
29,2,2008,21.27,9.72,65.28,0.10,18.14,0.02,1.57
1,3,2008,22.30,10.57,59.69,0.09,18.12,0.00,2.15
2,3,2008,24.31,8.46,44.71,0.09,18.18,0.00,2.50
3,3,2008,24.19,8.00,46.69,0.08,18.81,0.00,2.26
4,3,2008,26.24,8.21,41.70,0.08,19.14,0.00,4.60
5,3,2008,15.29,5.42,43.83,0.05,19.52,0.00,9.87
6,3,2008,14.84,5.39,50.38,0.06,19.78,0.00,10.14
7,3,2008,16.24,3.55,47.78,0.07,15.65,0.00,7.01
8,3,2008,18.98,6.10,49.68,0.10,19.82,0.00,3.04
9,3,2008,20.91,4.57,42.53,0.08,20.22,0.00,2.65
10,3,2008,23.00,6.82,46.83,0.07,20.46,0.00,3.98
11,3,2008,23.67,8.88,51.40,0.08,19.75,0.00,6.28
12,3,2008,23.30,9.99,57.09,0.08,20.14,0.00,2.58
13,3,2008,26.91,9.32,49.25,0.08,20.32,0.00,2.36
14,3,2008,27.09,11.14,45.33,0.07,20.46,0.00,3.28
15,3,2008,30.29,12.03,34.46,0.08,19.76,0.05,2.72
16,3,2008,28.68,15.94,35.99,0.13,20.37,0.04,8.01
17,3,2008,24.83,10.93,44.79,0.08,21.46,0.00,2.58
18,3,2008,26.99,12.53,42.56,0.08,20.56,0.00,3.13
19,3,2008,24.74,14.52,42.68,0.13,20.02,0.08,3.85
20,3,2008,22.00,11.92,49.95,0.06,15.69,0.00,8.27
21,3,2008,19.68,8.83,37.34,0.08,22.54,0.00,3.81
22,3,2008,23.19,9.03,40.05,0.06,21.41,0.00,4.06
23,3,2008,19.63,7.73,41.54,0.06,20.41,0.00,7.83
24,3,2008,20.25,4.00,31.07,0.07,23.31,0.00,5.09
25,3,2008,21.97,6.22,34.96,0.06,23.36,0.00,3.37
26,3,2008,22.72,10.01,37.24,0.07,23.29,0.00,4.30
27,3,2008,20.81,9.60,43.71,0.05,20.91,0.00,6.82
28,3,2008,23.83,8.75,48.37,0.06,22.62,0.00,6.91
29,3,2008,21.78,8.28,40.95,0.07,22.48,0.00,2.69
30,3,2008,21.64,8.48,56.13,0.07,15.56,0.22,2.95
31,3,2008,22.18,9.25,55.31,0.19,22.58,0.00,7.54
1,4,2008,18.39,8.86,50.86,0.09,18.79,0.00,7.34
2,4,2008,22.95,11.51,50.08,0.08,23.13,0.00,8.99
3,4,2008,26.47,10.11,44.77,0.08,23.51,0.00,9.25
4,4,2008,24.75,11.54,38.18,0.06,23.83,0.00,5.70
5,4,2008,22.92,9.85,38.05,0.05,24.06,0.00,2.77
6,4,2008,30.49,9.26,27.58,0.07,24.17,0.00,4.26
7,4,2008,36.39,11.81,16.54,0.06,21.18,0.00,4.85
8,4,2008,30.63,18.51,18.85,0.05,16.96,0.00,2.87
9,4,2008,33.77,14.71,30.12,0.07,24.64,0.03,2.68
10,4,2008,39.95,17.16,19.22,0.20,21.89,0.13,5.13
11,4,2008,32.45,16.65,35.69,0.06,24.39,0.00,7.14
12,4,2008,25.36,14.00,36.11,0.05,25.31,0.00,8.15
13,4,2008,23.23,12.24,47.74,0.37,19.89,0.42,3.32
14,4,2008,24.32,10.35,48.17,0.13,24.54,0.00,2.36
15,4,2008,26.76,12.20,41.98,0.07,24.77,0.00,3.89
16,4,2008,28.86,12.29,38.69,0.07,25.24,0.02,5.25
17,4,2008,30.18,18.04,33.51,0.18,24.85,0.13,7.06
18,4,2008,36.85,15.30,33.71,0.06,25.23,0.00,6.44
19,4,2008,31.08,17.86,31.28,0.05,25.82,0.00,5.41
20,4,2008,31.80,15.58,33.81,0.05,26.25,0.00,5.94
21,4,2008,25.23,14.60,30.54,0.04,26.33,0.00,7.73
22,4,2008,25.79,12.21,33.29,0.06,26.38,0.00,3.31
23,4,2008,27.22,12.16,37.65,0.05,26.17,0.00,2.62
24,4,2008,30.32,12.95,30.53,0.05,26.28,0.00,2.74
25,4,2008,30.49,14.90,32.29,0.05,26.79,0.00,3.17
26,4,2008,29.63,14.16,26.72,0.05,27.29,0.00,2.39
27,4,2008,26.06,13.69,37.25,0.04,26.72,0.00,2.32
28,4,2008,31.82,13.59,24.45,0.06,26.95,0.00,3.86
29,4,2008,32.75,15.04,20.06,0.05,24.73,0.00,3.77
30,4,2008,32.01,16.10,29.74,0.05,26.31,0.02,3.66
1,5,2008,34.63,21.18,32.49,0.06,23.87,0.00,3.68
2,5,2008,36.41,20.39,33.90,0.10,25.08,0.15,3.21
3,5,2008,36.24,19.67,31.25,0.13,25.31,0.00,3.41
4,5,2008,31.44,19.40,24.30,0.40,15.85,0.63,3.77
5,5,2008,30.00,17.45,37.61,0.85,20.82,0.70,3.63
6,5,2008,30.23,16.62,36.24,0.19,25.57,0.00,2.95
7,5,2008,29.65,17.16,42.73,0.05,22.34,0.00,2.92
8,5,2008,32.05,18.37,39.81,0.07,21.81,0.03,9.29
9,5,2008,33.88,19.95,39.49,0.05,26.20,0.00,11.26
10,5,2008,29.80,17.59,27.84,0.05,26.27,0.00,9.28
11,5,2008,28.93,18.70,25.06,0.14,23.99,0.33,6.15
12,5,2008,27.89,17.94,50.80,1.59,19.05,1.91,7.80
13,5,2008,25.75,16.40,55.32,0.86,24.57,0.57,8.95
14,5,2008,29.97,13.56,40.77,0.31,26.46,0.00,3.01
15,5,2008,33.70,17.17,28.52,0.08,25.54,0.03,4.67
16,5,2008,36.55,20.63,30.36,0.06,25.77,0.00,8.18
17,5,2008,31.43,17.76,34.43,0.04,26.89,0.00,7.44
18,5,2008,27.49,16.13,54.82,0.03,21.77,0.01,8.41
19,5,2008,26.61,14.11,48.35,0.05,22.54,0.00,6.39
20,5,2008,28.91,14.24,39.84,0.05,27.04,0.00,4.23
21,5,2008,32.10,15.89,29.37,0.05,26.96,0.00,3.07
22,5,2008,35.06,17.21,25.03,0.06,26.61,0.02,3.94
23,5,2008,36.64,19.45,26.64,0.12,26.57,0.16,4.54
24,5,2008,37.44,24.17,21.78,0.13,26.94,0.00,6.48
25,5,2008,36.58,22.19,23.03,0.05,27.33,0.00,8.45
26,5,2008,36.90,20.88,31.82,0.04,27.26,0.00,9.01
27,5,2008,35.41,19.53,37.76,0.05,27.35,0.00,4.22
28,5,2008,34.92,20.10,37.74,0.04,20.15,0.05,8.52
29,5,2008,29.71,18.28,44.55,0.06,26.58,0.00,11.48
30,5,2008,31.64,17.82,39.35,0.05,27.01,0.00,5.54
31,5,2008,34.73,18.89,37.81,0.06,25.63,0.00,3.62
1,6,2008,36.04,20.88,41.41,0.04,25.12,0.00,7.64
2,6,2008,32.51,19.68,32.20,0.04,25.70,0.00,7.99
3,6,2008,32.88,19.98,38.61,0.03,23.70,0.00,5.55
4,6,2008,32.64,19.63,37.94,0.05,25.41,0.02,6.45
5,6,2008,32.87,20.19,39.78,0.07,23.51,0.01,2.79
6,6,2008,33.08,20.76,43.53,0.04,23.61,0.00,4.12
7,6,2008,30.14,21.29,56.45,0.82,14.84,1.88,3.99
8,6,2008,24.10,20.72,81.70,0.96,5.83,5.09,2.95
9,6,2008,30.34,20.00,61.42,3.16,19.99,0.08,6.84
10,6,2008,26.97,18.88,62.51,1.42,18.43,0.00,6.21
11,6,2008,29.88,16.74,49.13,0.52,25.10,0.00,6.05
12,6,2008,32.11,18.68,41.00,0.10,25.44,0.00,5.75
13,6,2008,33.59,18.58,37.99,0.06,25.19,0.00,1.89
14,6,2008,35.85,20.92,31.75,0.05,25.41,0.00,2.45
15,6,2008,37.28,21.74,27.15,0.06,25.55,0.00,3.33
16,6,2008,42.12,23.86,23.74,0.07,24.85,0.05,6.68
17,6,2008,40.12,25.26,29.61,0.05,25.35,0.00,8.44
18,6,2008,37.30,23.38,36.69,0.05,24.97,0.00,2.99
19,6,2008,36.88,22.47,28.61,0.06,25.00,0.02,2.12
20,6,2008,39.38,23.13,22.65,0.06,25.48,0.00,2.90
21,6,2008,40.05,23.95,24.79,0.09,23.84,0.09,5.82
22,6,2008,39.76,24.37,22.07,0.06,24.00,0.00,5.00
23,6,2008,40.09,24.87,19.81,0.05,25.26,0.00,5.35
24,6,2008,39.87,23.74,21.75,0.07,25.31,0.00,3.96
25,6,2008,39.41,24.79,24.43,0.06,25.87,0.00,3.31
26,6,2008,38.89,23.81,25.59,0.07,25.84,0.00,2.38
27,6,2008,38.82,23.26,29.77,0.06,25.48,0.00,2.63
28,6,2008,39.84,24.48,24.99,0.07,25.33,0.00,4.32
29,6,2008,37.44,23.11,29.10,0.05,25.44,0.00,2.44
30,6,2008,40.14,23.38,36.04,0.07,25.40,0.00,2.27
1,7,2008,40.11,26.22,34.93,0.14,19.19,0.50,5.57
2,7,2008,40.66,25.32,26.61,0.25,26.54,0.00,4.72
3,7,2008,41.32,23.99,31.02,0.07,26.28,0.00,2.27
4,7,2008,41.63,26.13,27.14,0.07,25.89,0.01,4.42
5,7,2008,39.60,25.40,34.14,0.06,25.40,0.02,4.92
6,7,2008,42.86,26.63,22.53,0.07,23.45,0.05,3.41
7,7,2008,47.20,30.60,22.68,0.52,25.74,2.03,5.31
8,7,2008,45.39,28.86,24.33,1.51,25.76,0.00,5.15
9,7,2008,43.29,27.91,27.30,0.08,25.39,0.00,3.44
10,7,2008,42.89,28.87,26.05,0.63,23.57,0.68,2.98
11,7,2008,44.57,29.94,22.95,0.18,25.43,0.09,4.84
12,7,2008,45.52,28.89,23.69,0.08,23.63,0.00,5.17
13,7,2008,46.20,29.60,24.11,0.10,25.62,0.22,4.10
14,7,2008,44.74,29.67,25.08,0.58,24.73,0.91,5.56
15,7,2008,41.68,28.44,23.01,0.63,22.71,0.14,5.59
16,7,2008,40.30,25.72,25.29,0.06,25.46,0.00,3.05
17,7,2008,38.54,25.66,36.32,0.06,25.17,0.00,3.80
18,7,2008,41.00,26.84,27.94,0.07,25.31,0.00,3.56
19,7,2008,38.34,25.66,32.59,0.07,25.01,0.00,3.80
20,7,2008,39.20,25.72,30.11,0.06,25.43,0.00,2.68
21,7,2008,43.46,25.43,24.91,0.08,25.42,0.00,2.82
22,7,2008,43.84,26.87,18.95,0.08,25.37,0.00,4.06
23,7,2008,35.99,24.93,36.14,0.05,24.84,0.00,2.72
24,7,2008,36.80,23.86,31.61,0.05,24.94,0.00,3.84
25,7,2008,41.73,24.47,25.09,0.07,24.64,0.02,3.02
26,7,2008,45.50,26.09,20.78,0.08,23.63,0.02,3.34
27,7,2008,44.49,30.18,16.92,0.08,25.16,0.00,5.72
28,7,2008,40.02,26.58,30.03,0.06,24.12,0.00,3.82
29,7,2008,40.32,26.59,30.57,0.06,24.25,0.00,4.37
30,7,2008,39.68,27.33,29.62,0.06,22.77,0.09,3.95
31,7,2008,41.89,27.37,32.33,0.08,23.69,0.22,3.01
1,8,2008,42.53,28.29,26.88,0.08,24.43,0.00,2.63
2,8,2008,42.50,28.45,22.08,0.08,24.94,0.00,4.60
3,8,2008,39.04,27.56,32.54,0.06,24.42,0.00,3.30
4,8,2008,40.09,25.74,31.21,0.05,24.25,0.00,3.27
5,8,2008,40.73,27.28,28.31,0.07,23.96,0.00,3.58
6,8,2008,39.81,26.92,30.49,0.07,23.80,0.00,3.68
7,8,2008,38.55,26.67,37.99,0.07,22.26,0.33,4.18
8,8,2008,40.01,26.69,38.51,0.13,23.51,0.05,2.79
9,8,2008,41.16,28.00,35.37,0.07,22.76,0.00,4.50
10,8,2008,39.26,28.37,40.99,0.06,23.31,0.00,4.03
11,8,2008,39.17,27.17,39.04,0.05,23.32,0.00,3.63
12,8,2008,41.20,27.16,37.05,0.06,23.28,0.01,2.86
13,8,2008,42.71,28.68,33.28,0.15,22.35,0.20,3.07
14,8,2008,44.03,28.51,28.55,0.17,22.37,0.15,2.86
15,8,2008,43.39,29.62,30.55,0.11,23.05,0.09,3.47
16,8,2008,38.46,28.17,33.67,0.07,22.85,0.14,4.59
17,8,2008,41.09,27.67,41.93,0.44,18.20,0.38,2.56
18,8,2008,45.42,27.19,31.02,0.18,21.12,0.14,1.79
19,8,2008,45.11,29.60,26.84,0.15,22.01,0.03,2.65
20,8,2008,42.13,28.55,30.77,0.07,22.63,0.00,3.31
21,8,2008,41.81,28.46,20.91,0.08,22.75,0.00,3.42
22,8,2008,41.77,27.45,27.56,0.06,22.33,0.00,3.08
23,8,2008,42.49,28.06,28.33,0.16,22.08,0.45,3.42
24,8,2008,42.52,28.24,32.31,0.38,21.53,0.18,3.13
25,8,2008,36.84,27.07,35.02,0.09,21.96,0.00,4.48
26,8,2008,35.60,24.97,41.90,0.05,21.53,0.00,2.56
27,8,2008,34.84,25.10,53.63,0.42,19.95,4.38,4.66
28,8,2008,32.78,23.55,65.02,2.90,20.40,0.06,2.05
29,8,2008,35.74,24.78,51.96,1.11,20.34,0.21,3.05
30,8,2008,37.44,25.50,46.15,0.27,19.92,0.10,2.90
31,8,2008,35.72,26.65,36.47,0.10,20.27,0.01,6.13
1,9,2008,36.03,23.51,35.88,0.05,22.65,0.00,4.25
2,9,2008,35.89,23.88,53.42,0.09,21.67,0.27,3.68
3,9,2008,37.97,25.00,47.88,0.22,21.07,0.00,2.38
4,9,2008,38.74,25.46,41.33,0.53,19.94,0.72,2.32
5,9,2008,40.95,26.21,37.28,0.72,17.86,0.63,3.65
6,9,2008,39.98,27.79,29.00,0.51,14.86,0.50,5.60
7,9,2008,39.86,27.77,26.10,0.47,17.48,0.27,6.27
8,9,2008,39.96,26.06,29.80,0.05,21.13,0.00,5.94
9,9,2008,40.50,27.09,27.21,0.05,19.57,0.01,6.71
10,9,2008,42.38,26.61,20.06,0.06,19.92,0.08,5.01
11,9,2008,39.05,26.58,20.07,0.28,15.21,0.25,4.99
12,9,2008,33.16,21.93,38.10,0.11,20.88,0.08,10.12
13,9,2008,30.70,18.66,34.58,0.04,21.49,0.00,6.60
14,9,2008,30.78,19.03,33.99,0.04,21.17,0.00,2.27
15,9,2008,32.03,19.42,39.09,0.03,20.50,0.00,2.35
16,9,2008,35.28,19.66,32.73,0.04,20.40,0.00,2.68
17,9,2008,38.46,20.55,25.40,0.05,20.28,0.00,2.57
18,9,2008,36.46,22.51,40.21,0.04,19.58,0.00,3.38
19,9,2008,35.53,21.09,29.71,0.05,20.21,0.00,6.89
20,9,2008,31.64,19.52,39.64,0.04,19.78,0.01,6.21
21,9,2008,29.59,18.72,43.97,0.03,19.29,0.00,2.82
22,9,2008,28.41,18.69,47.61,0.03,17.62,0.00,1.97
23,9,2008,30.51,18.29,41.64,0.03,19.10,0.00,2.85
24,9,2008,30.15,18.99,45.41,0.03,18.93,0.00,3.45
25,9,2008,32.03,19.41,46.50,0.03,18.57,0.00,2.83
26,9,2008,27.54,20.21,49.02,0.03,13.59,0.00,4.05
27,9,2008,26.90,18.17,47.15,0.03,17.40,0.00,3.24
28,9,2008,27.51,17.28,52.16,0.02,17.96,0.00,3.38
29,9,2008,26.93,19.11,58.44,0.02,13.69,0.02,3.49
30,9,2008,28.69,18.15,52.92,0.02,17.51,0.00,2.66
1,10,2008,29.37,18.30,53.35,0.03,18.18,0.00,2.39
2,10,2008,29.46,20.07,62.34,0.13,16.86,1.26,2.92
3,10,2008,28.17,20.17,70.48,1.34,18.39,0.78,3.35
4,10,2008,27.27,19.21,57.21,0.47,12.54,0.02,3.59
5,10,2008,26.28,19.33,38.46,0.26,18.07,0.12,2.95
6,10,2008,28.02,16.18,42.05,0.06,18.32,0.00,2.37
7,10,2008,28.62,18.72,57.28,0.20,16.91,0.39,2.53
8,10,2008,28.82,19.00,50.41,0.21,17.25,0.00,3.49
9,10,2008,29.28,18.24,54.51,0.27,12.84,0.30,5.43
10,10,2008,29.47,18.33,61.77,0.09,10.83,0.00,7.89
11,10,2008,30.49,22.02,62.77,0.06,14.62,0.05,6.18
12,10,2008,28.61,21.41,67.06,0.20,11.27,4.02,3.33
13,10,2008,23.28,19.05,82.34,1.43,8.92,1.36,2.45
14,10,2008,21.91,17.83,90.31,0.87,6.22,4.66,1.66
15,10,2008,23.69,17.60,84.82,1.61,12.17,2.33,2.23
16,10,2008,22.71,17.54,83.93,2.15,12.30,10.70,4.12
17,10,2008,23.31,12.00,75.19,2.56,15.61,0.01,4.09
18,10,2008,23.24,11.75,83.46,1.77,16.69,0.00,2.40
19,10,2008,22.64,13.26,82.23,1.43,14.00,0.00,2.21
20,10,2008,22.83,14.80,82.27,1.03,8.80,0.08,2.38
21,10,2008,24.87,13.40,81.03,1.22,13.72,0.22,2.74
22,10,2008,21.59,16.94,89.19,1.00,7.60,7.82,1.38
23,10,2008,23.70,15.21,88.71,1.40,12.31,0.37,1.91
24,10,2008,24.38,16.41,84.40,1.52,11.57,0.30,3.56
25,10,2008,26.44,18.19,80.39,1.88,11.85,3.28,5.86
26,10,2008,26.13,16.23,78.77,1.89,13.02,0.12,4.21
27,10,2008,25.12,16.37,80.94,1.35,12.48,0.01,2.74
28,10,2008,22.46,16.83,88.16,0.68,6.79,0.68,2.59
29,10,2008,21.86,12.66,70.32,1.70,11.71,1.03,5.85
30,10,2008,19.56,9.94,59.44,1.46,15.32,0.00,6.31
31,10,2008,14.33,10.01,93.27,0.58,3.62,18.09,2.58
1,11,2008,16.92,10.41,93.38,1.04,9.86,0.27,3.64
2,11,2008,20.18,11.14,90.68,1.31,13.45,0.13,2.05
3,11,2008,20.00,10.96,92.01,1.12,12.08,0.15,2.68
4,11,2008,19.38,10.12,87.71,1.27,10.79,1.42,2.39
5,11,2008,16.84,7.29,77.12,1.52,14.34,0.53,2.93
6,11,2008,17.97,7.36,73.78,1.72,14.24,0.00,5.60
7,11,2008,18.48,7.89,77.54,1.31,14.48,0.00,4.12
8,11,2008,18.52,6.71,81.78,0.98,14.07,0.00,2.22
9,11,2008,19.92,8.44,75.52,1.04,14.14,0.00,3.94
10,11,2008,19.84,9.71,77.43,0.91,13.84,0.00,3.45
11,11,2008,19.59,7.52,78.26,0.75,13.92,0.00,2.04
12,11,2008,18.81,8.31,79.60,0.64,11.96,0.00,2.19
13,11,2008,18.96,10.07,65.12,0.70,13.66,0.00,7.48
14,11,2008,15.91,7.94,61.79,0.55,13.80,0.05,4.52
15,11,2008,16.70,6.72,63.80,0.46,13.42,0.00,5.41
16,11,2008,19.10,6.70,70.65,0.40,12.63,0.00,5.67
17,11,2008,19.44,10.49,62.31,0.42,12.96,0.00,7.93
18,11,2008,19.88,10.96,64.35,0.36,13.02,0.00,8.43
19,11,2008,18.91,9.65,66.80,0.34,12.57,0.00,4.09
20,11,2008,17.85,7.71,72.29,0.27,10.80,0.00,2.84
21,11,2008,18.26,7.31,70.83,0.27,12.88,0.00,4.19
22,11,2008,20.72,5.67,64.68,0.31,13.16,0.00,5.54
23,11,2008,18.79,8.36,72.60,0.24,12.39,0.01,3.26
24,11,2008,20.32,8.68,71.97,0.26,12.10,0.00,2.87
25,11,2008,18.80,6.67,59.65,0.26,12.58,0.00,5.04
26,11,2008,15.75,5.29,53.47,0.25,12.03,0.00,3.81
27,11,2008,14.84,7.23,68.74,0.25,4.54,0.39,5.16
28,11,2008,15.90,5.39,67.45,0.29,12.05,0.01,5.99
29,11,2008,18.27,3.43,59.17,0.30,12.47,0.00,3.80
30,11,2008,19.17,3.33,54.35,0.25,12.34,0.00,3.00
1,12,2008,15.72,2.75,61.02,0.23,12.55,0.00,2.65
2,12,2008,12.97,5.76,59.05,0.22,7.18,0.08,5.07
3,12,2008,14.04,4.41,65.48,0.18,12.21,0.00,5.99
4,12,2008,13.05,2.20,81.03,0.18,4.83,1.32,2.63
5,12,2008,14.42,4.03,83.84,0.35,8.86,0.01,1.97
6,12,2008,17.48,5.69,73.94,0.44,12.30,0.01,4.48
7,12,2008,17.14,4.82,75.55,0.35,11.34,0.00,3.61
8,12,2008,16.16,5.85,75.85,0.29,10.34,0.00,2.88
9,12,2008,11.17,7.48,72.43,0.23,4.31,0.61,1.27
10,12,2008,13.11,3.71,79.85,0.61,6.82,2.31,4.46
11,12,2008,13.78,2.90,69.21,0.77,11.93,0.00,5.53
12,12,2008,11.68,0.18,80.35,0.45,11.98,0.00,2.19
13,12,2008,13.68,2.70,76.94,0.45,11.71,0.00,2.38
14,12,2008,9.54,4.99,88.86,0.31,4.83,1.59,3.97
15,12,2008,13.50,3.82,68.01,0.71,12.01,0.02,5.49
16,12,2008,13.64,2.07,69.00,0.58,11.89,0.00,5.93
17,12,2008,13.68,0.23,75.87,0.39,11.98,0.00,4.84
18,12,2008,16.55,4.98,76.98,0.37,11.52,0.00,4.35
19,12,2008,14.85,2.81,80.20,0.29,11.03,0.03,2.86
20,12,2008,14.73,2.73,77.73,0.28,11.71,0.00,2.38
21,12,2008,15.24,1.46,77.61,0.23,11.60,0.00,1.65
22,12,2008,13.04,0.99,86.44,0.16,10.22,0.03,2.05
23,12,2008,13.38,3.47,86.57,0.16,9.99,0.02,2.07
24,12,2008,14.61,2.42,80.24,0.17,10.54,0.00,2.14
25,12,2008,14.15,3.97,76.15,0.19,8.22,0.01,1.93
26,12,2008,16.72,5.20,76.76,0.16,11.44,0.02,2.87
27,12,2008,12.92,2.98,57.23,0.22,11.59,0.04,5.94
28,12,2008,7.52,1.57,74.81,0.14,2.91,1.20,3.44
29,12,2008,7.96,2.78,84.18,0.42,5.10,2.43,2.81
30,12,2008,11.00,0.33,80.47,0.55,11.73,0.00,5.28
31,12,2008,11.23,1.07,82.24,0.48,11.27,0.04,3.35
1,1,2009,10.32,0.65,81.63,0.41,8.37,0.00,1.71
2,1,2009,11.56,5.19,79.17,0.47,10.91,0.02,1.25
3,1,2009,12.58,1.96,81.89,0.33,8.45,0.01,1.64
4,1,2009,11.04,5.45,89.16,0.35,6.08,4.09,1.77
5,1,2009,14.05,2.73,83.09,0.73,11.93,0.00,4.42
6,1,2009,11.92,1.73,86.75,0.57,11.12,0.02,2.56
7,1,2009,11.97,2.50,87.07,0.43,8.50,0.01,2.28
8,1,2009,13.40,3.62,83.16,0.61,11.97,0.01,3.24
9,1,2009,13.77,4.26,81.04,0.48,8.39,1.01,3.74
10,1,2009,14.11,5.74,82.70,0.76,10.85,1.39,3.59
11,1,2009,12.63,5.30,82.60,0.41,4.06,0.02,3.31
12,1,2009,16.61,5.14,69.87,1.08,10.95,1.30,9.46
13,1,2009,17.79,9.02,70.02,1.13,10.38,0.09,10.75
14,1,2009,14.60,6.34,69.02,0.85,12.75,0.00,7.09
15,1,2009,12.57,4.12,81.07,0.42,12.44,0.00,3.09
16,1,2009,13.63,1.44,84.34,0.37,12.78,0.00,1.99
17,1,2009,14.26,3.37,78.32,0.34,8.50,0.02,4.31
18,1,2009,17.85,5.87,72.09,0.38,11.73,0.12,4.15
19,1,2009,14.31,9.02,89.73,0.21,3.69,9.33,3.10
20,1,2009,11.93,9.11,96.99,0.08,0.25,26.71,2.54
21,1,2009,9.88,7.54,82.01,1.02,1.19,15.69,8.54
22,1,2009,11.90,3.55,72.83,2.30,13.48,0.01,8.53
23,1,2009,17.94,2.65,86.15,0.78,9.99,0.00,2.47
24,1,2009,19.13,7.09,81.11,1.50,12.55,0.00,4.80
25,1,2009,15.65,5.99,84.16,0.89,8.84,0.00,3.03
26,1,2009,14.41,4.25,76.57,1.73,12.61,0.93,4.55
27,1,2009,13.25,2.92,71.99,1.81,14.55,0.00,7.20
28,1,2009,15.51,3.21,76.79,1.40,13.36,0.00,5.72
29,1,2009,17.77,3.87,81.32,1.19,14.25,0.00,3.71
30,1,2009,15.99,3.94,88.59,0.97,14.29,0.01,2.41
31,1,2009,13.47,6.27,95.45,0.65,9.24,0.25,2.08
1,2,2009,13.36,5.23,94.31,0.78,10.52,0.23,2.28
2,2,2009,14.71,7.49,83.84,1.09,13.12,0.02,5.17
3,2,2009,13.47,5.10,85.82,0.75,8.31,3.61,3.25
4,2,2009,17.81,3.75,82.08,1.21,14.97,0.00,2.91
5,2,2009,14.62,5.44,85.11,1.22,14.92,0.00,3.33
6,2,2009,16.22,3.71,85.30,1.15,15.22,0.01,3.80
7,2,2009,16.77,5.34,74.27,1.60,12.78,0.27,5.07
8,2,2009,14.10,4.08,68.19,1.64,15.23,0.00,6.66
9,2,2009,17.95,2.54,76.38,1.09,15.74,0.00,2.58
10,2,2009,19.31,2.86,77.21,1.06,15.88,0.00,2.82
11,2,2009,16.50,4.77,66.84,1.36,16.48,0.00,6.54
12,2,2009,15.80,2.62,63.31,1.14,16.41,0.00,5.88
13,2,2009,14.03,1.75,68.38,0.88,16.94,0.00,4.21
14,2,2009,15.18,0.62,74.60,0.77,17.08,0.00,2.03
15,2,2009,14.92,2.96,72.62,0.74,15.69,0.00,3.45
16,2,2009,13.56,5.08,68.77,0.71,16.00,0.00,2.67
17,2,2009,16.85,2.61,67.43,0.81,16.62,0.00,3.79
18,2,2009,14.84,3.16,61.79,0.64,17.82,0.00,5.96
19,2,2009,16.19,1.09,68.19,0.57,17.78,0.00,2.32
20,2,2009,15.46,2.45,67.79,0.53,17.58,0.04,2.78
21,2,2009,16.06,5.66,70.77,0.68,17.22,0.58,2.49
22,2,2009,13.87,5.57,75.27,0.51,13.31,0.05,2.31
23,2,2009,14.49,6.05,74.23,0.47,11.60,0.04,2.25
24,2,2009,17.20,6.74,67.52,0.54,16.70,0.09,5.10
25,2,2009,17.20,7.25,74.69,0.64,16.25,0.50,3.28
26,2,2009,15.58,4.81,70.87,0.57,18.86,0.00,2.87
27,2,2009,17.14,2.14,67.87,0.50,19.47,0.00,1.70
28,2,2009,16.38,2.16,66.96,0.37,13.89,0.79,2.06
1,3,2009,21.05,9.07,66.26,1.12,17.91,1.11,6.18
2,3,2009,20.75,8.57,69.26,0.77,18.08,0.00,3.18
3,3,2009,20.01,8.86,74.50,0.53,16.48,0.06,5.27
4,3,2009,18.86,8.22,69.87,0.61,14.40,1.53,6.26
5,3,2009,16.94,7.12,56.31,0.93,13.74,0.00,7.95
6,3,2009,14.35,6.60,54.69,0.60,18.82,0.00,9.02
7,3,2009,18.58,4.80,63.96,0.45,19.03,0.03,6.96
8,3,2009,19.85,3.87,64.25,0.39,19.83,0.00,3.29
9,3,2009,21.47,5.24,60.69,0.35,18.33,0.00,2.41
10,3,2009,21.78,9.19,58.91,0.27,18.32,0.00,3.79
11,3,2009,24.92,6.16,56.54,0.27,20.44,0.00,2.64
12,3,2009,21.50,7.90,60.96,0.20,20.37,0.00,2.48
13,3,2009,22.12,7.82,61.32,0.23,20.51,0.00,2.64
14,3,2009,25.18,7.46,54.90,0.23,20.93,0.00,2.01
15,3,2009,27.13,7.87,51.23,0.22,20.75,0.00,2.91
16,3,2009,24.09,11.86,45.05,0.19,21.21,0.00,6.67
17,3,2009,21.45,9.06,42.76,0.18,21.58,0.00,5.75
18,3,2009,19.07,5.92,52.07,0.17,21.50,0.00,2.46
19,3,2009,21.39,6.36,51.49,0.17,21.98,0.00,2.81
20,3,2009,24.31,6.84,43.57,0.19,22.16,0.00,5.09
21,3,2009,18.70,7.59,40.85,0.14,22.08,0.00,7.04
22,3,2009,15.92,3.03,39.31,0.15,22.99,0.00,3.08
23,3,2009,20.27,2.88,34.52,0.18,23.19,0.00,2.92
24,3,2009,23.25,4.66,32.87,0.17,23.57,0.00,2.24
25,3,2009,23.49,7.14,35.70,0.15,23.64,0.00,3.63
26,3,2009,24.73,8.05,44.18,0.15,23.21,0.00,3.59
27,3,2009,28.02,9.08,35.49,0.20,19.95,0.10,3.03
28,3,2009,27.62,15.96,51.04,0.29,9.03,0.81,5.29
29,3,2009,26.68,14.59,63.33,2.98,21.90,5.10,5.35
30,3,2009,19.24,13.99,92.45,0.75,8.38,14.63,5.10
31,3,2009,17.61,7.99,71.88,3.23,21.72,0.69,5.20
1,4,2009,18.44,7.70,73.64,2.28,17.77,0.14,4.40
2,4,2009,20.33,6.42,71.28,2.17,23.08,0.00,2.41
3,4,2009,19.06,9.86,77.06,2.05,19.58,7.68,4.39
4,4,2009,16.34,10.68,82.10,1.55,10.63,1.08,4.56
5,4,2009,18.40,10.32,76.96,2.00,16.81,0.32,2.78
6,4,2009,19.96,6.79,76.30,2.22,22.92,0.00,2.57
7,4,2009,21.00,8.59,75.82,1.89,20.49,0.28,4.90
8,4,2009,19.86,12.18,74.18,1.72,17.29,1.52,4.81
9,4,2009,21.99,9.78,68.81,1.77,24.10,0.02,4.15
10,4,2009,24.11,8.81,72.03,1.13,24.24,0.00,2.26
11,4,2009,20.09,9.94,65.09,0.56,10.14,4.01,10.09
12,4,2009,18.67,8.19,59.42,2.75,25.67,1.50,8.36
13,4,2009,20.02,5.80,63.58,1.69,25.43,0.00,3.33
14,4,2009,25.25,5.77,54.44,1.34,25.13,0.00,3.31
15,4,2009,27.20,9.48,43.27,0.74,25.44,0.00,3.53
16,4,2009,25.09,12.49,45.07,0.35,25.27,0.00,7.00
17,4,2009,23.65,11.27,42.84,0.27,25.88,0.00,7.56
18,4,2009,22.77,9.98,50.32,0.27,25.15,0.20,4.06
19,4,2009,20.43,11.69,62.70,1.27,21.40,1.81,7.59
20,4,2009,20.66,10.37,54.98,0.76,24.11,0.00,8.37
21,4,2009,23.00,10.11,52.84,0.46,25.46,0.00,6.68
22,4,2009,21.90,10.49,50.57,0.34,23.44,0.00,3.28
23,4,2009,23.13,11.08,46.62,0.25,25.82,0.00,2.22
24,4,2009,26.50,9.51,48.37,0.23,26.53,0.00,1.80
25,4,2009,27.91,11.55,44.76,0.21,26.68,0.00,4.61
26,4,2009,30.30,12.67,27.83,0.22,24.76,0.00,5.07
27,4,2009,24.53,14.78,41.33,0.16,26.85,0.00,10.03
28,4,2009,27.45,11.80,40.90,0.21,26.68,0.00,4.71
29,4,2009,27.52,13.63,39.89,0.19,27.00,0.00,4.81
30,4,2009,27.47,13.38,46.36,0.18,26.84,0.00,2.02
1,5,2009,27.10,13.78,46.59,0.24,23.58,0.52,4.72
2,5,2009,20.87,13.64,70.53,1.87,18.38,5.23,4.18
3,5,2009,23.83,12.22,58.40,2.43,25.33,0.00,3.46
4,5,2009,27.24,12.04,50.74,1.29,25.43,0.01,3.83
5,5,2009,25.01,11.46,49.35,0.40,25.46,0.52,2.94
6,5,2009,23.84,13.77,60.45,0.98,23.59,0.56,2.37
7,5,2009,26.11,12.16,53.53,0.39,25.36,0.00,2.69
8,5,2009,28.91,12.78,44.97,0.21,25.69,0.01,2.52
9,5,2009,29.16,14.75,42.54,0.15,25.79,0.00,3.87
10,5,2009,30.22,14.88,41.90,0.15,26.12,0.00,3.35
11,5,2009,31.72,14.82,39.75,0.15,26.28,0.00,2.10
12,5,2009,31.53,15.79,37.19,0.15,26.25,0.00,3.06
13,5,2009,32.50,16.04,29.95,0.14,26.83,0.01,3.93
14,5,2009,33.97,17.41,23.11,0.14,26.23,0.15,6.39
15,5,2009,34.49,18.85,32.29,0.29,23.75,0.08,4.42
16,5,2009,33.93,20.17,34.10,0.18,25.13,0.00,4.39
17,5,2009,33.20,18.24,36.18,0.12,25.49,0.00,2.39
18,5,2009,37.37,20.37,29.16,0.14,26.25,0.01,2.57
19,5,2009,38.17,21.86,26.49,0.13,26.08,0.00,2.70
20,5,2009,36.90,24.10,20.16,0.12,26.50,0.00,4.72
21,5,2009,35.19,20.47,23.65,0.11,26.86,0.00,3.24
22,5,2009,34.83,21.20,31.73,0.11,26.56,0.00,3.69
23,5,2009,34.52,20.92,31.13,0.11,27.03,0.00,5.21
24,5,2009,34.83,18.99,23.28,0.11,25.99,0.01,4.57
25,5,2009,36.02,19.48,24.99,0.11,27.07,0.00,3.21
26,5,2009,37.74,21.37,24.30,0.15,23.45,0.03,3.57
27,5,2009,38.84,23.02,23.22,0.11,21.03,0.00,3.98
28,5,2009,36.99,24.79,28.38,0.10,19.03,0.00,3.64
29,5,2009,35.01,22.84,32.69,0.11,21.88,0.00,3.22
30,5,2009,38.31,21.80,28.26,0.11,26.47,0.02,4.85
31,5,2009,34.56,23.41,34.52,0.13,17.22,0.16,4.89
1,6,2009,34.02,22.23,43.53,0.20,24.63,0.00,8.67
2,6,2009,33.15,20.06,37.91,0.12,24.92,0.00,2.83
3,6,2009,34.38,21.11,26.81,0.16,23.49,0.06,5.75
4,6,2009,32.37,17.40,31.92,0.10,25.36,0.00,2.27
5,6,2009,36.49,18.81,22.95,0.10,23.36,0.01,6.55
6,6,2009,35.16,22.19,22.83,0.09,25.75,0.00,8.26
7,6,2009,33.16,22.27,26.75,0.09,25.27,0.00,6.39
8,6,2009,34.37,19.44,34.78,0.09,25.27,0.01,2.65
9,6,2009,37.17,20.09,30.46,0.09,24.62,0.00,4.85
10,6,2009,37.90,21.60,32.40,0.08,24.99,0.00,4.45
11,6,2009,38.00,21.55,23.80,0.10,25.11,0.00,2.61
12,6,2009,38.08,22.68,25.16,0.08,24.98,0.00,2.48
13,6,2009,38.64,23.45,25.13,0.09,25.06,0.00,2.57
14,6,2009,38.24,23.71,24.74,0.08,25.28,0.00,3.19
15,6,2009,38.07,22.66,23.85,0.08,25.50,0.00,3.74
16,6,2009,37.72,21.30,21.92,0.08,25.99,0.00,3.52
17,6,2009,37.16,21.57,26.15,0.08,25.39,0.00,1.66
18,6,2009,40.86,21.99,20.28,0.08,25.76,0.00,1.77
19,6,2009,40.50,24.50,21.12,0.09,25.28,0.00,3.14
20,6,2009,39.92,22.64,24.26,0.10,25.38,0.11,3.04
21,6,2009,37.94,25.87,23.21,0.14,25.30,0.00,5.47
22,6,2009,35.81,21.01,20.54,0.08,26.04,0.00,3.51
23,6,2009,33.93,20.88,33.02,0.07,25.27,0.00,2.55
24,6,2009,37.31,21.37,33.94,0.08,24.98,0.00,2.82
25,6,2009,38.63,25.91,31.99,0.28,17.03,0.52,2.54
26,6,2009,38.02,24.27,43.09,0.69,14.38,0.61,5.02
27,6,2009,36.77,22.34,29.45,0.35,25.69,0.00,3.20
28,6,2009,37.06,21.64,38.04,0.14,24.83,0.30,3.03
29,6,2009,35.99,26.46,36.07,0.63,17.40,0.50,4.68
30,6,2009,37.91,25.48,38.08,1.68,19.06,1.64,3.66
1,7,2009,38.00,23.35,25.47,0.26,26.35,0.00,2.26
2,7,2009,38.79,23.83,26.07,0.08,26.16,0.00,2.50
3,7,2009,40.27,25.18,26.47,0.08,25.94,0.00,3.38
4,7,2009,40.69,28.27,31.33,0.32,22.36,0.37,2.33
5,7,2009,41.88,25.78,29.79,0.18,25.94,0.00,2.46
6,7,2009,43.14,28.64,26.99,0.50,23.66,0.69,5.25
7,7,2009,43.16,26.80,29.03,0.43,20.02,0.15,3.95
8,7,2009,43.72,29.09,27.61,0.19,24.12,0.22,3.45
9,7,2009,41.33,28.31,33.02,0.19,24.43,0.00,3.92
10,7,2009,38.10,26.69,35.47,0.07,24.39,0.00,2.75
11,7,2009,38.49,26.09,36.17,0.16,24.01,0.19,2.55
12,7,2009,39.80,26.63,31.04,0.15,25.20,0.00,2.63
13,7,2009,41.52,27.35,33.56,0.14,25.11,0.33,4.09
14,7,2009,43.47,28.60,27.12,0.39,23.95,0.23,4.74
15,7,2009,43.00,29.48,25.88,0.24,25.04,0.02,4.35
16,7,2009,41.08,27.47,22.27,0.09,25.40,0.00,1.97
17,7,2009,42.48,26.91,18.61,0.08,25.47,0.01,2.42
18,7,2009,41.33,28.77,28.23,0.07,24.08,0.02,5.52
19,7,2009,37.32,26.02,26.25,0.05,25.09,0.00,4.20
20,7,2009,40.07,26.14,33.15,0.08,23.99,0.05,2.93
21,7,2009,43.42,27.63,28.62,0.10,25.20,0.00,2.69
22,7,2009,41.97,28.12,22.39,0.07,24.96,0.00,3.80
23,7,2009,41.62,28.03,20.70,0.08,24.97,0.00,3.57
24,7,2009,40.95,27.30,22.47,0.07,25.12,0.00,3.37
25,7,2009,42.88,25.82,20.30,0.07,25.29,0.00,2.85
26,7,2009,43.75,26.14,20.06,0.12,24.95,0.22,2.52
27,7,2009,43.72,28.02,20.54,0.17,24.49,0.00,2.89
28,7,2009,43.96,28.23,23.15,0.08,24.82,0.03,2.66
29,7,2009,46.37,28.19,18.97,0.09,24.87,0.00,2.59
30,7,2009,44.21,28.30,18.80,0.09,24.62,0.00,3.58
31,7,2009,40.87,28.55,23.17,0.07,25.07,0.00,4.14
1,8,2009,39.51,26.15,29.53,0.06,24.27,0.00,3.59
2,8,2009,42.55,27.48,30.06,0.06,24.45,0.00,3.46
3,8,2009,44.58,28.42,16.67,0.09,24.31,0.02,3.88
4,8,2009,45.40,27.19,20.78,0.07,24.15,0.01,3.57
5,8,2009,39.57,27.14,28.73,0.07,24.28,0.00,3.02
6,8,2009,38.52,25.89,36.02,0.06,23.98,0.00,2.59
7,8,2009,38.55,26.14,32.36,0.06,24.19,0.00,2.81
8,8,2009,39.57,25.51,32.81,0.06,24.09,0.00,3.15
9,8,2009,36.92,26.04,39.30,0.05,23.51,0.00,2.99
10,8,2009,37.22,26.17,37.59,0.06,23.52,0.00,3.82
11,8,2009,38.03,24.67,32.27,0.06,23.91,0.00,2.12
12,8,2009,42.37,25.01,21.25,0.09,23.56,0.17,2.41
13,8,2009,43.02,29.30,20.45,0.33,20.31,0.25,2.93
14,8,2009,41.83,26.98,28.32,0.14,22.22,0.28,3.25
15,8,2009,40.87,27.65,39.51,0.71,21.93,0.55,5.72
16,8,2009,41.29,28.09,32.85,0.14,23.13,0.00,4.34
17,8,2009,39.49,26.95,31.49,0.07,23.02,0.00,2.07
18,8,2009,39.54,26.90,29.16,0.07,23.07,0.00,3.14
19,8,2009,40.21,26.39,24.30,0.05,22.89,0.00,3.21
20,8,2009,40.71,26.31,23.73,0.07,22.74,0.00,3.87
21,8,2009,41.21,26.71,24.57,0.06,23.02,0.00,3.57
22,8,2009,41.48,26.48,26.60,0.06,23.05,0.00,3.83
23,8,2009,40.20,27.59,26.33,0.06,22.62,0.00,4.42
24,8,2009,40.31,27.92,30.10,0.06,22.16,0.00,4.54
25,8,2009,40.19,27.05,29.50,0.05,17.29,0.06,3.62
26,8,2009,41.51,28.08,22.23,0.07,15.79,0.00,4.15
27,8,2009,39.37,27.84,36.17,0.10,17.41,0.06,4.82
28,8,2009,38.67,27.39,37.07,0.06,21.45,0.00,4.99
29,8,2009,36.86,26.92,43.66,0.05,21.08,0.00,2.26
30,8,2009,35.67,25.32,44.52,0.06,21.14,0.00,2.30
31,8,2009,36.69,26.61,40.24,0.04,21.04,0.00,3.27
1,9,2009,37.62,25.55,41.57,0.05,21.97,0.00,3.21
2,9,2009,37.57,26.29,44.01,0.11,17.98,0.13,4.13
3,9,2009,36.32,26.04,52.28,0.71,20.32,0.77,3.00
4,9,2009,39.92,26.07,39.47,0.21,21.34,0.00,3.01
5,9,2009,41.94,27.56,34.79,0.29,21.46,0.91,4.33
6,9,2009,37.55,26.73,49.37,0.80,21.10,0.35,3.23
7,9,2009,34.99,26.28,45.85,0.29,18.67,0.00,3.40
8,9,2009,31.81,25.35,56.55,0.63,18.41,0.66,3.22
9,9,2009,29.91,24.02,53.52,0.26,14.85,0.16,4.48
10,9,2009,32.66,23.15,49.58,0.09,20.93,0.00,2.95
11,9,2009,33.87,22.57,40.85,0.05,21.18,0.00,2.37
12,9,2009,33.69,22.28,43.25,0.05,17.02,0.00,4.56
13,9,2009,31.72,21.76,37.00,0.05,20.76,0.00,6.03
14,9,2009,30.36,20.59,41.19,0.05,19.98,0.00,2.95
15,9,2009,32.25,20.91,47.22,0.05,20.12,0.00,1.76
16,9,2009,29.81,20.93,57.99,0.95,17.68,1.13,2.96
17,9,2009,24.79,19.54,87.32,0.81,1.81,9.66,3.02
18,9,2009,26.27,18.71,83.24,2.47,18.89,0.14,1.98
19,9,2009,26.77,17.65,78.90,2.27,18.79,0.03,2.35
20,9,2009,27.46,17.47,68.53,1.95,19.58,0.00,2.15
21,9,2009,27.23,16.30,69.55,1.09,18.99,0.00,2.17
22,9,2009,27.61,17.77,61.19,0.43,17.76,0.01,2.18
23,9,2009,29.44,18.83,52.31,0.15,18.85,0.00,2.51
24,9,2009,29.03,19.40,53.01,0.08,18.01,0.00,1.58
25,9,2009,29.33,19.78,55.52,0.07,18.34,0.00,2.26
26,9,2009,29.40,19.84,53.10,0.06,18.32,0.00,2.76
27,9,2009,28.98,19.83,55.92,0.05,17.19,0.00,2.81
28,9,2009,29.87,19.47,55.12,0.06,17.95,0.00,2.27
29,9,2009,30.53,19.33,55.43,0.07,17.76,0.00,2.16
30,9,2009,31.58,20.42,51.49,0.06,17.21,0.00,4.29
1,10,2009,33.03,21.92,50.13,0.19,15.95,0.15,4.53
2,10,2009,32.37,22.06,47.85,0.08,16.33,0.00,7.73
3,10,2009,28.54,19.29,45.26,0.06,19.32,0.00,4.55
4,10,2009,29.38,17.66,46.57,0.06,18.91,0.01,2.33
5,10,2009,32.51,18.40,42.20,0.06,18.84,0.00,2.78
6,10,2009,34.46,18.78,34.98,0.06,19.00,0.00,2.55
7,10,2009,34.37,18.51,34.07,0.06,18.86,0.00,3.04
8,10,2009,32.19,19.12,49.80,0.06,18.40,0.00,2.80
9,10,2009,32.16,20.41,42.84,0.05,17.61,0.00,3.33
10,10,2009,30.96,20.41,49.59,0.08,17.03,0.88,3.83
11,10,2009,24.33,19.00,73.94,0.85,9.22,1.13,2.55
12,10,2009,27.22,17.16,55.96,0.88,17.40,0.01,5.05
13,10,2009,25.45,15.67,49.12,0.30,18.02,0.00,3.61
14,10,2009,26.98,14.47,40.29,0.11,17.96,0.00,3.67
15,10,2009,26.30,14.56,42.47,0.06,17.42,0.00,4.20
16,10,2009,22.94,13.55,44.75,0.05,17.59,0.00,4.95
17,10,2009,23.08,13.21,40.60,0.06,17.02,0.00,3.43
18,10,2009,24.14,11.82,44.89,0.05,17.12,0.00,4.98
19,10,2009,22.65,11.41,44.96,0.06,16.76,0.02,3.44
20,10,2009,21.40,15.11,63.32,0.82,5.97,3.58,3.36
21,10,2009,20.88,14.07,67.95,0.85,3.96,0.09,4.35
22,10,2009,26.23,13.67,59.50,1.25,15.83,0.00,4.83
23,10,2009,24.15,13.83,53.41,0.56,16.16,0.01,6.33
24,10,2009,27.19,11.90,61.09,0.24,15.43,0.00,4.92
25,10,2009,27.45,14.90,61.79,0.11,14.89,0.00,6.20
26,10,2009,25.46,15.22,55.76,0.08,15.60,0.00,4.40
27,10,2009,24.20,12.64,58.61,0.06,14.83,0.00,2.23
28,10,2009,23.59,11.11,57.45,0.04,15.39,0.00,2.27
29,10,2009,23.57,12.12,55.82,0.05,15.07,0.00,2.33
30,10,2009,24.34,11.91,56.52,0.06,14.81,0.00,3.18
31,10,2009,23.27,11.13,59.19,0.05,14.84,0.00,2.81
1,11,2009,24.97,10.13,47.36,0.06,15.60,0.00,1.96
2,11,2009,25.65,11.02,44.60,0.06,15.12,0.00,2.52
3,11,2009,23.81,14.90,49.60,0.04,15.04,0.00,6.32
4,11,2009,24.86,11.41,51.73,0.05,14.90,0.00,2.65
5,11,2009,25.40,13.20,53.11,0.05,14.48,0.00,5.99
6,11,2009,20.60,11.68,45.17,0.05,14.68,0.00,6.83
7,11,2009,23.26,11.17,52.66,0.05,13.96,0.00,3.46
8,11,2009,20.73,12.23,46.83,0.05,14.30,0.00,6.16
9,11,2009,18.75,10.01,51.25,0.04,14.11,0.00,8.26
10,11,2009,17.87,9.46,56.44,0.04,13.33,0.00,7.16
11,11,2009,18.47,7.25,52.25,0.06,14.33,0.00,3.65
12,11,2009,19.66,5.78,49.95,0.04,14.12,0.00,2.05
13,11,2009,20.32,6.40,44.98,0.06,13.99,0.00,2.11
14,11,2009,21.23,6.38,46.08,0.05,13.81,0.00,1.89
15,11,2009,21.22,7.88,60.62,0.05,13.52,0.00,2.09
16,11,2009,21.49,7.93,65.89,0.05,13.55,0.00,2.01
17,11,2009,22.47,6.69,57.26,0.05,13.66,0.00,2.18
18,11,2009,23.19,7.08,50.06,0.05,13.44,0.00,2.19
19,11,2009,23.30,8.36,48.57,0.05,11.30,0.00,2.27
20,11,2009,20.69,10.49,59.60,0.04,8.41,0.00,2.32
21,11,2009,20.74,8.72,71.61,0.04,11.79,0.00,1.69
22,11,2009,21.08,10.70,72.47,0.07,12.21,0.01,1.52
23,11,2009,21.45,9.64,68.80,0.04,12.44,0.00,3.09
24,11,2009,20.50,10.60,61.66,0.05,10.94,0.00,2.16
25,11,2009,20.67,7.78,64.63,0.04,12.44,0.00,1.82
26,11,2009,21.34,7.42,65.40,0.05,12.37,0.00,2.21
27,11,2009,21.40,8.89,56.56,0.04,12.05,0.00,2.65
28,11,2009,21.79,9.29,57.28,0.05,10.65,0.00,3.40
29,11,2009,20.59,9.24,51.17,0.04,11.01,0.00,2.88
30,11,2009,17.84,6.96,53.84,0.04,7.23,0.00,3.91
1,12,2009,15.56,4.78,53.77,0.05,12.50,0.00,5.76
2,12,2009,16.81,4.04,56.56,0.04,12.22,0.00,3.07
3,12,2009,15.70,4.25,55.38,0.06,12.25,0.27,2.43
4,12,2009,18.44,8.41,63.45,0.14,12.17,0.00,6.12
5,12,2009,18.27,6.01,67.65,0.10,12.26,0.00,4.48
6,12,2009,18.68,4.49,68.26,0.09,12.20,0.00,1.96
7,12,2009,17.98,3.78,66.72,0.06,12.18,0.00,1.80
8,12,2009,20.30,3.64,62.89,0.06,12.19,0.00,3.78
9,12,2009,18.25,7.11,73.36,0.05,11.06,0.01,2.79
10,12,2009,18.10,6.84,72.99,0.05,11.71,0.01,2.46
11,12,2009,17.79,5.30,74.31,0.05,11.71,0.00,1.71
12,12,2009,19.73,4.71,70.95,0.04,11.76,0.00,1.93
13,12,2009,15.72,5.75,64.71,0.05,10.40,0.00,3.37
14,12,2009,17.95,7.15,58.49,0.05,9.17,0.01,2.48
15,12,2009,18.93,4.85,62.03,0.05,10.40,0.03,4.24
16,12,2009,16.51,5.31,53.10,0.07,11.67,0.00,3.26
17,12,2009,22.61,6.82,58.59,0.05,10.94,0.00,4.99
18,12,2009,19.05,7.28,67.54,0.04,10.52,0.00,3.39
19,12,2009,21.45,8.15,66.33,0.05,7.90,0.44,3.69
20,12,2009,13.17,2.95,53.49,0.47,11.94,0.61,6.80
21,12,2009,13.13,0.80,59.66,0.25,11.31,0.00,4.07
22,12,2009,16.17,4.05,56.29,0.20,10.62,0.00,2.85
23,12,2009,19.36,5.86,57.66,0.16,10.80,0.00,2.93
24,12,2009,20.40,9.04,65.72,0.09,7.74,0.00,2.56
25,12,2009,22.31,13.18,68.47,0.10,8.00,0.36,1.95
26,12,2009,18.15,11.57,87.96,0.28,2.93,8.70,1.79
27,12,2009,18.37,7.93,74.03,1.64,11.73,0.00,6.78
28,12,2009,14.62,3.70,84.49,0.80,11.73,0.00,2.12
29,12,2009,18.17,3.81,81.13,0.70,11.38,0.00,2.14
30,12,2009,16.30,4.62,83.20,0.66,11.97,0.00,2.41
31,12,2009,16.42,2.85,75.80,0.64,12.04,0.00,2.25
1,1,2010,17.54,4.33,60.76,1.03,11.91,0.00,5.90
2,1,2010,15.11,2.70,66.94,0.61,12.03,0.00,4.30
3,1,2010,14.56,1.81,67.17,0.44,11.96,0.00,2.91
4,1,2010,14.22,1.89,63.08,0.33,10.65,0.00,2.75
5,1,2010,14.44,1.67,58.90,0.28,12.12,0.00,1.88
6,1,2010,18.72,3.96,69.07,0.17,9.81,0.00,2.79
7,1,2010,16.57,4.02,67.64,0.16,9.08,0.28,3.45
8,1,2010,14.20,3.27,52.73,0.60,12.46,0.93,6.11
9,1,2010,13.12,2.35,44.04,0.40,12.34,0.00,6.86
10,1,2010,12.40,1.64,56.15,0.23,12.64,0.00,3.81
11,1,2010,14.82,1.80,69.38,0.17,12.27,0.07,2.08
12,1,2010,17.16,5.00,71.43,0.13,12.21,0.00,3.25
13,1,2010,19.57,5.92,63.98,0.12,12.39,0.00,4.46
14,1,2010,17.75,9.74,74.50,0.88,10.77,4.26,3.58
15,1,2010,16.54,8.20,64.87,1.13,12.78,0.00,9.85
16,1,2010,15.76,5.39,65.17,0.77,13.14,0.00,6.59
17,1,2010,15.62,3.71,73.68,0.45,12.89,0.00,1.23
18,1,2010,20.49,2.79,69.54,0.43,12.86,0.00,2.55
19,1,2010,17.27,3.38,69.41,0.31,13.18,0.00,1.77
20,1,2010,17.25,6.28,77.92,0.18,10.59,0.01,2.99
21,1,2010,19.00,6.63,73.75,0.18,12.48,0.01,3.54
22,1,2010,17.41,5.44,72.21,0.12,13.05,0.00,2.83
23,1,2010,17.89,7.35,62.46,0.11,10.94,0.00,5.21
24,1,2010,19.29,6.57,60.83,0.10,13.51,0.00,2.82
25,1,2010,19.64,6.57,63.50,0.08,12.81,0.00,3.72
26,1,2010,19.06,8.87,61.79,0.07,11.87,0.01,4.83
27,1,2010,18.51,7.02,63.31,0.06,14.30,0.00,6.39
28,1,2010,18.00,7.03,63.96,0.06,13.49,0.00,3.27
29,1,2010,12.55,8.24,78.05,0.26,6.16,2.38,2.76
30,1,2010,17.21,5.00,66.50,0.81,14.34,0.00,5.60
31,1,2010,18.10,3.35,72.62,0.53,14.81,0.00,2.90
1,2,2010,16.81,4.79,63.17,0.39,14.83,0.00,5.41
2,2,2010,14.06,1.68,64.06,0.25,15.01,0.00,2.97
3,2,2010,15.39,1.51,66.80,0.18,14.89,0.00,2.63
4,2,2010,15.56,5.85,64.81,0.16,10.50,0.12,2.55
5,2,2010,21.78,6.04,66.51,0.14,15.11,0.00,5.13
6,2,2010,19.53,8.08,57.33,0.11,15.53,0.00,7.26
7,2,2010,16.77,5.64,55.47,0.08,15.41,0.01,4.63
8,2,2010,16.51,3.10,53.96,0.06,14.23,0.00,3.27
9,2,2010,16.18,6.78,65.11,0.10,5.29,0.28,3.48
10,2,2010,18.07,6.30,61.56,0.17,15.36,0.00,7.07
11,2,2010,19.68,5.20,69.03,0.14,9.69,0.41,3.34
12,2,2010,18.00,4.80,64.75,0.26,15.17,0.00,3.49
13,2,2010,11.11,8.42,90.24,0.32,2.95,12.30,3.37
14,2,2010,15.66,5.54,72.26,2.13,16.94,0.15,5.92
15,2,2010,11.85,4.99,75.97,1.26,9.17,0.47,5.18
16,2,2010,14.98,6.53,83.97,1.12,12.39,2.41,2.32
17,2,2010,16.33,5.96,88.46,1.16,14.96,1.27,2.30
18,2,2010,18.51,6.10,88.15,1.13,13.27,0.70,3.05
19,2,2010,21.83,9.65,73.04,1.91,17.41,0.57,5.06
20,2,2010,16.56,5.15,67.25,1.66,18.06,0.00,5.12
21,2,2010,14.13,3.80,77.83,0.62,7.99,0.00,2.74
22,2,2010,22.70,6.11,72.30,1.05,16.77,0.00,2.58
23,2,2010,22.46,7.79,73.75,0.78,15.68,0.00,3.38
24,2,2010,22.41,8.17,69.68,0.58,18.62,0.00,4.91
25,2,2010,27.66,5.66,62.62,0.43,18.22,0.00,3.33
26,2,2010,24.79,8.74,68.80,0.22,17.93,0.00,3.36
27,2,2010,26.17,9.97,64.99,0.16,17.48,0.00,3.11
28,2,2010,28.98,9.83,48.20,0.16,19.33,0.00,4.41
1,3,2010,23.20,13.40,46.75,0.11,18.23,0.00,8.23
2,3,2010,22.42,10.10,49.23,0.11,13.86,0.02,5.98
3,3,2010,22.56,10.80,49.75,0.11,18.65,0.00,5.28
4,3,2010,22.61,8.66,56.23,0.11,17.78,0.00,4.75
5,3,2010,23.19,8.82,56.20,0.11,19.02,0.01,3.27
6,3,2010,23.54,11.52,44.58,0.12,11.12,0.15,4.72
7,3,2010,20.39,9.67,54.59,0.24,16.31,0.26,10.72
8,3,2010,21.18,7.36,58.16,0.35,16.61,0.35,6.04
9,3,2010,11.32,6.27,79.45,0.99,9.25,7.80,4.65
10,3,2010,13.95,3.49,66.80,2.05,20.21,0.00,5.66
11,3,2010,18.55,4.20,69.43,1.67,19.92,0.00,3.75
12,3,2010,18.36,5.91,72.11,1.10,15.31,0.14,3.45
13,3,2010,16.68,6.24,62.78,1.01,19.41,0.02,5.93
14,3,2010,15.34,5.44,57.34,0.62,19.11,0.00,7.48
15,3,2010,16.62,4.71,54.42,0.44,21.48,0.00,3.28
16,3,2010,19.27,3.42,51.36,0.28,21.41,0.00,2.34
17,3,2010,20.54,4.86,55.86,0.15,20.38,0.00,2.73
18,3,2010,18.51,6.28,57.15,0.11,20.70,0.00,3.10
19,3,2010,21.11,7.13,53.54,0.11,21.23,0.00,3.05
20,3,2010,24.75,8.69,42.14,0.12,21.46,0.00,2.52
21,3,2010,26.02,10.80,32.45,0.10,18.66,0.00,3.00
22,3,2010,27.59,11.52,29.59,0.11,21.33,0.02,4.77
23,3,2010,25.34,13.49,45.71,0.09,22.32,0.00,4.48
24,3,2010,25.35,10.84,50.51,0.08,22.10,0.00,3.56
25,3,2010,28.29,13.05,46.01,0.09,16.32,0.00,4.46
26,3,2010,32.67,13.35,31.14,0.11,23.10,0.00,3.15
27,3,2010,30.22,16.85,39.29,0.08,22.41,0.00,4.67
28,3,2010,25.74,14.06,48.93,0.07,22.79,0.00,2.47
29,3,2010,27.88,12.58,34.57,0.09,23.06,0.00,3.42
30,3,2010,26.74,15.35,32.96,0.08,24.12,0.00,9.09
31,3,2010,25.03,11.81,41.00,0.09,21.79,0.00,5.10
1,4,2010,26.52,13.44,38.56,0.08,22.79,0.00,2.43
2,4,2010,25.72,11.60,38.87,0.08,23.01,0.00,2.45
3,4,2010,27.95,12.31,35.25,0.07,22.69,0.00,3.81
4,4,2010,28.95,13.40,34.13,0.08,23.55,0.00,9.33
5,4,2010,23.78,14.02,35.08,0.07,19.74,0.00,3.78
6,4,2010,25.61,13.17,29.16,0.07,22.43,0.00,3.93
7,4,2010,26.57,12.70,36.66,0.08,20.65,0.00,2.77
8,4,2010,27.53,13.28,38.71,0.08,20.99,0.00,9.88
9,4,2010,22.70,11.42,44.94,0.06,23.90,0.00,7.03
10,4,2010,22.70,11.28,41.99,0.07,24.59,0.00,3.16
11,4,2010,26.55,9.85,48.47,0.07,20.78,0.03,4.98
12,4,2010,24.03,15.23,51.58,0.09,18.21,0.02,4.07
13,4,2010,22.88,11.53,42.81,0.08,24.55,0.00,2.88
14,4,2010,23.84,11.84,55.23,0.08,22.87,0.02,5.22
15,4,2010,27.18,12.66,43.87,0.08,24.74,0.03,5.77
16,4,2010,28.15,14.67,48.42,0.10,24.96,0.00,3.06
17,4,2010,29.64,15.13,50.33,0.07,23.57,0.03,4.79
18,4,2010,27.79,17.15,50.19,0.09,24.43,0.00,8.31
19,4,2010,27.95,14.05,41.50,0.07,25.57,0.00,5.98
20,4,2010,27.58,14.93,42.82,0.07,19.79,0.01,2.89
21,4,2010,32.64,16.77,35.18,0.07,25.38,0.00,3.64
22,4,2010,29.62,16.94,52.22,0.94,22.35,5.38,6.56
23,4,2010,25.76,15.05,56.54,2.91,25.87,0.00,7.07
24,4,2010,28.16,14.35,47.24,1.26,26.01,0.00,5.31
25,4,2010,28.49,13.04,40.70,0.31,26.24,0.00,2.61
26,4,2010,28.00,13.16,31.83,0.09,26.39,0.00,2.74
27,4,2010,26.99,14.39,44.50,0.06,25.29,0.00,1.97
28,4,2010,28.12,15.07,42.32,0.06,26.32,0.00,3.06
29,4,2010,27.70,15.16,49.71,0.07,26.35,0.00,3.88
30,4,2010,27.59,15.32,43.74,0.06,26.46,0.00,4.26
1,5,2010,30.29,15.80,31.56,0.07,24.89,0.00,3.84
2,5,2010,31.42,17.53,32.13,0.33,22.89,0.30,2.42
3,5,2010,31.74,17.58,34.30,0.09,19.90,0.02,6.01
4,5,2010,24.45,13.86,50.46,0.18,23.58,0.20,11.00
5,5,2010,23.83,11.47,35.27,0.11,26.35,0.00,5.45
6,5,2010,26.67,9.73,26.49,0.07,26.63,0.00,2.84
7,5,2010,28.08,14.66,30.94,0.10,16.73,0.10,4.67
8,5,2010,30.29,16.20,33.69,0.12,26.67,0.00,6.33
9,5,2010,33.58,16.04,35.25,0.06,26.03,0.00,5.26
10,5,2010,34.15,18.84,31.31,0.06,25.70,0.00,5.69
11,5,2010,30.95,19.63,31.85,0.05,26.09,0.00,6.57
12,5,2010,29.39,17.76,39.68,0.05,25.95,0.00,6.21
13,5,2010,27.85,15.93,32.94,0.05,26.13,0.00,4.50
14,5,2010,24.44,14.69,40.23,0.05,17.65,0.00,8.39
15,5,2010,25.63,12.74,39.80,0.06,25.18,0.00,6.70
16,5,2010,25.54,11.60,31.67,0.06,27.39,0.00,3.56
17,5,2010,28.41,12.43,33.37,0.05,26.92,0.00,2.29
18,5,2010,31.41,13.73,31.05,0.05,26.73,0.00,3.08
19,5,2010,32.10,17.21,33.70,0.06,26.81,0.00,5.28
20,5,2010,30.08,14.37,32.81,0.04,26.75,0.00,2.83
21,5,2010,31.78,16.18,31.60,0.06,27.06,0.00,2.49
22,5,2010,33.61,16.58,27.69,0.05,27.09,0.00,3.02
23,5,2010,31.54,17.82,34.15,0.05,26.39,0.00,5.02
24,5,2010,31.64,17.63,32.55,0.04,26.75,0.00,3.83
25,5,2010,32.13,17.91,29.73,0.05,26.84,0.00,4.07
26,5,2010,34.70,18.46,29.87,0.06,26.52,0.02,5.13
27,5,2010,34.12,21.23,28.53,0.14,14.79,0.44,5.26
28,5,2010,32.64,21.72,47.28,0.57,16.96,0.41,6.60
29,5,2010,28.91,18.85,49.19,0.72,25.63,0.59,12.98
30,5,2010,29.77,16.39,44.30,0.18,27.34,0.00,8.31
31,5,2010,29.53,17.81,42.46,0.06,26.20,0.00,8.15
1,6,2010,28.35,15.95,36.94,0.06,24.94,0.00,3.93
2,6,2010,33.68,15.92,34.76,0.04,24.70,0.00,2.66
3,6,2010,32.74,19.88,35.85,0.06,24.45,0.00,2.35
4,6,2010,33.13,20.26,41.54,0.04,24.38,0.00,3.88
5,6,2010,34.17,20.31,36.36,0.04,24.47,0.00,4.46
6,6,2010,34.88,20.33,34.78,0.05,24.40,0.02,4.21
7,6,2010,38.88,21.32,27.81,0.07,24.19,0.00,2.77
8,6,2010,42.74,24.92,26.97,0.35,22.22,0.52,3.70
9,6,2010,45.85,26.71,19.43,0.28,21.74,0.07,4.87
10,6,2010,45.70,25.11,21.35,0.09,25.73,0.00,6.76
11,6,2010,38.19,22.96,31.56,0.06,25.16,0.00,6.98
12,6,2010,36.68,22.90,34.39,0.06,25.01,0.00,5.54
13,6,2010,35.85,21.98,35.67,0.25,23.22,0.49,5.48
14,6,2010,36.29,23.47,46.33,0.80,21.77,3.01,3.54
15,6,2010,34.55,22.79,54.50,2.58,22.18,1.27,4.66
16,6,2010,33.04,20.57,45.42,1.09,23.34,0.00,4.15
17,6,2010,32.12,21.86,42.81,0.61,21.32,0.57,5.37
18,6,2010,33.65,21.51,42.35,0.13,24.51,0.77,2.93
19,6,2010,27.41,21.07,57.45,1.21,13.35,1.45,2.96
20,6,2010,33.59,17.52,42.84,0.95,25.23,0.00,7.09
21,6,2010,30.63,17.14,32.99,0.12,25.34,0.00,5.63
22,6,2010,31.65,18.57,24.76,0.06,25.69,0.00,3.92
23,6,2010,34.01,16.76,26.59,0.05,25.11,0.00,3.02
24,6,2010,35.42,20.74,33.77,0.12,21.87,0.19,3.79
25,6,2010,36.60,21.35,33.39,0.14,24.88,0.00,3.58
26,6,2010,35.79,22.57,31.59,0.05,25.39,0.00,6.61
27,6,2010,33.79,20.29,36.80,0.05,24.95,0.04,2.31
28,6,2010,34.31,21.66,32.20,0.08,24.69,0.00,3.27
29,6,2010,36.03,22.92,31.68,0.07,24.14,0.03,1.91
30,6,2010,36.88,23.42,27.40,0.06,24.90,0.00,2.59
1,7,2010,36.75,23.26,28.79,0.06,26.05,0.00,3.14
2,7,2010,37.71,22.86,29.71,0.05,26.15,0.00,2.83
3,7,2010,38.63,24.45,25.72,0.07,26.02,0.00,3.24
4,7,2010,39.35,24.89,28.80,0.05,25.72,0.00,3.06
5,7,2010,42.54,25.80,23.54,0.07,26.05,0.00,2.83
6,7,2010,39.34,25.74,24.83,0.07,26.50,0.00,2.18
7,7,2010,37.64,24.95,40.20,0.05,25.68,0.00,2.61
8,7,2010,36.70,24.41,38.68,0.07,25.83,0.00,2.82
9,7,2010,36.93,24.33,35.56,0.05,25.82,0.00,2.26
10,7,2010,36.82,23.96,36.92,0.06,25.73,0.00,2.65
11,7,2010,38.43,24.46,31.98,0.06,25.68,0.00,2.84
12,7,2010,39.33,24.61,28.07,0.06,25.79,0.00,3.81
13,7,2010,40.59,26.11,26.03,0.07,25.70,0.00,4.42
14,7,2010,41.83,27.11,23.16,0.06,25.69,0.00,4.31
15,7,2010,43.08,27.71,22.89,0.07,25.89,0.00,4.30
16,7,2010,42.38,27.40,20.83,0.08,25.71,0.00,2.96
17,7,2010,44.28,26.65,21.05,0.07,18.16,0.31,2.83
18,7,2010,43.27,27.73,22.92,0.10,25.54,0.14,3.48
19,7,2010,43.12,28.61,22.42,0.10,25.68,0.00,3.75
20,7,2010,39.61,26.52,28.89,0.07,25.42,0.00,3.12
21,7,2010,40.70,26.19,33.07,0.06,24.76,0.00,2.90
22,7,2010,43.63,27.22,31.42,0.07,24.63,0.13,3.32
23,7,2010,44.62,30.24,26.84,0.25,24.78,0.62,2.79
24,7,2010,44.79,29.93,33.37,0.71,24.28,0.70,4.70
25,7,2010,38.35,27.94,35.07,0.50,23.98,0.16,3.85
26,7,2010,37.13,26.10,31.28,0.21,24.84,0.05,2.64
27,7,2010,36.00,25.01,32.61,0.06,24.54,0.00,3.69
28,7,2010,35.44,23.68,32.89,0.05,24.78,0.00,2.90
29,7,2010,36.31,24.59,37.96,0.09,24.30,0.49,4.18
30,7,2010,35.82,25.14,44.57,1.56,24.13,1.23,2.60
31,7,2010,36.82,25.60,33.74,0.13,23.63,0.00,3.12
1,8,2010,38.68,25.70,36.78,0.06,24.26,0.00,3.57
2,8,2010,39.36,25.66,37.78,0.05,24.38,0.00,3.39
3,8,2010,41.31,26.74,33.23,0.07,24.31,0.00,3.54
4,8,2010,39.72,27.64,31.66,0.05,24.25,0.00,5.48
5,8,2010,39.81,26.80,27.49,0.07,24.45,0.00,3.89
6,8,2010,38.72,25.93,30.26,0.06,24.24,0.00,2.79
7,8,2010,38.42,25.18,32.13,0.07,24.00,0.00,2.30
8,8,2010,37.90,25.18,32.04,0.06,23.96,0.00,2.74
9,8,2010,36.58,24.21,35.80,0.05,23.61,0.00,2.44
10,8,2010,39.67,24.97,26.31,0.07,23.77,0.00,2.74
11,8,2010,38.92,25.16,24.04,0.05,17.94,0.15,3.34
12,8,2010,42.12,26.44,18.61,0.06,23.05,0.00,4.02
13,8,2010,42.29,26.97,21.78,0.10,22.63,0.23,6.17
14,8,2010,35.75,27.40,38.16,0.34,14.95,0.32,7.06
15,8,2010,40.00,25.99,40.10,0.18,21.57,0.09,4.18
16,8,2010,35.58,25.59,44.35,0.07,21.47,0.05,7.13
17,8,2010,33.07,21.48,44.29,0.06,23.49,0.00,2.53
18,8,2010,32.40,22.53,46.27,0.04,21.72,0.00,2.46
19,8,2010,34.04,22.69,44.79,0.05,22.78,0.00,2.70
20,8,2010,36.44,23.21,38.71,0.04,22.81,0.00,2.62
21,8,2010,36.23,24.56,41.63,0.05,20.93,0.00,2.92
22,8,2010,36.58,25.39,37.12,0.05,22.09,0.00,3.59
23,8,2010,37.38,25.17,40.06,0.04,22.12,0.00,4.18
24,8,2010,40.54,25.98,34.50,0.06,22.31,0.00,3.37
25,8,2010,41.76,25.98,31.75,0.06,22.27,0.00,2.64
26,8,2010,39.86,27.46,31.90,0.05,22.37,0.00,4.17
27,8,2010,38.88,25.39,32.99,0.06,22.32,0.00,2.26
28,8,2010,41.52,24.61,29.39,0.06,22.17,0.00,2.44
29,8,2010,38.64,26.40,32.69,0.05,21.93,0.01,3.28
30,8,2010,35.92,25.37,40.76,0.05,21.39,0.00,2.77
31,8,2010,35.30,24.52,40.29,0.04,21.01,0.00,4.16
1,9,2010,34.66,23.97,42.45,0.04,21.52,0.05,4.92
2,9,2010,36.44,26.09,43.11,0.05,15.79,0.09,5.42
3,9,2010,36.42,24.02,49.74,0.10,20.27,1.36,4.24
4,9,2010,32.61,22.92,52.88,1.12,22.27,0.02,3.41
5,9,2010,33.72,22.37,53.77,0.13,21.51,0.01,3.97
6,9,2010,34.64,23.58,49.65,0.25,17.90,0.53,5.07
7,9,2010,32.57,24.92,55.66,1.67,16.92,2.89,5.31
8,9,2010,30.65,22.23,70.54,4.48,21.33,9.71,5.24
9,9,2010,30.77,20.11,62.35,3.43,21.70,0.00,4.85
10,9,2010,30.07,18.64,63.95,1.76,20.06,0.00,2.47
11,9,2010,31.65,18.81,48.94,0.59,21.02,0.00,2.76
12,9,2010,34.66,20.19,37.16,0.11,20.75,0.00,3.07
13,9,2010,37.67,21.85,34.67,0.06,20.65,0.01,2.33
14,9,2010,33.08,22.62,39.68,0.08,20.74,0.05,6.16
15,9,2010,31.14,20.35,37.01,0.04,20.78,0.00,4.14
16,9,2010,34.93,19.89,32.30,0.05,20.59,0.00,3.31
17,9,2010,36.71,21.81,32.88,0.05,19.54,0.00,3.07
18,9,2010,37.24,24.58,32.79,0.06,17.20,0.03,3.83
19,9,2010,35.93,23.93,51.06,0.15,17.98,0.73,3.71
20,9,2010,29.53,22.62,59.98,0.54,10.98,0.04,4.25
21,9,2010,32.64,23.66,59.33,0.31,18.03,0.48,3.10
22,9,2010,31.88,23.14,59.00,0.41,17.00,0.05,1.77
23,9,2010,30.52,22.35,60.46,0.08,14.52,0.01,4.05
24,9,2010,31.57,22.73,61.26,1.39,15.94,1.78,2.93
25,9,2010,29.74,20.27,45.71,0.38,19.23,0.00,6.23
26,9,2010,24.16,18.11,54.35,0.18,4.72,7.45,2.45
27,9,2010,23.09,18.33,81.51,2.81,16.98,14.48,2.36
28,9,2010,25.71,18.60,82.64,2.18,13.25,0.23,3.39
29,9,2010,26.91,18.98,75.87,2.30,15.04,0.17,2.57
30,9,2010,25.28,17.66,73.58,2.14,17.70,0.00,1.87
1,10,2010,27.10,15.90,72.50,1.86,19.50,0.00,1.51
2,10,2010,29.44,16.99,66.13,1.40,19.07,0.00,2.25
3,10,2010,33.26,18.85,50.83,0.81,19.00,0.00,3.53
4,10,2010,33.64,19.91,37.76,0.36,14.52,0.02,3.93
5,10,2010,34.34,21.04,31.46,0.24,18.68,0.00,3.85
6,10,2010,35.65,20.86,31.65,0.22,18.98,0.00,5.22
7,10,2010,35.70,20.72,34.13,0.27,17.32,0.10,2.94
8,10,2010,34.63,22.04,33.07,0.23,16.21,0.00,3.42
9,10,2010,33.20,21.81,53.48,0.17,17.63,0.00,5.41
10,10,2010,29.41,20.82,57.70,0.41,6.25,0.77,4.13
11,10,2010,22.73,19.64,79.28,0.38,5.35,0.23,5.53
12,10,2010,29.56,17.23,68.72,1.00,16.68,1.39,4.60
13,10,2010,25.08,14.52,58.43,0.79,10.63,0.13,5.61
14,10,2010,27.48,16.08,65.10,0.52,17.15,0.00,3.14
15,10,2010,28.22,16.39,62.62,0.28,17.10,0.00,3.16
16,10,2010,26.93,17.62,54.47,0.16,17.20,0.00,7.27
17,10,2010,25.70,16.36,55.07,0.16,16.89,0.00,6.74
18,10,2010,22.20,13.23,50.73,0.14,17.16,0.00,7.41
19,10,2010,21.60,11.36,52.38,0.14,16.85,0.00,4.74
20,10,2010,23.74,9.57,51.52,0.15,16.95,0.00,2.78
21,10,2010,25.63,11.43,42.46,0.14,15.90,0.01,3.11
22,10,2010,24.76,11.89,51.31,0.12,16.01,0.00,3.00
23,10,2010,24.91,14.55,62.43,0.12,12.68,0.00,2.45
24,10,2010,25.27,15.38,62.38,0.12,14.25,0.00,4.72
25,10,2010,25.11,13.35,56.67,0.12,14.42,0.00,7.86
26,10,2010,20.83,9.89,46.53,0.12,15.95,0.00,5.36
27,10,2010,20.95,10.23,51.05,0.11,15.68,0.00,3.34
28,10,2010,21.06,9.01,56.91,0.11,15.39,0.00,2.29
29,10,2010,21.71,9.14,56.81,0.12,15.16,0.00,2.79
30,10,2010,22.30,9.30,57.24,0.11,14.73,0.00,2.39
31,10,2010,24.57,11.38,53.19,0.11,14.90,0.00,4.04
1,11,2010,22.06,11.91,50.93,0.11,15.47,0.00,6.59
2,11,2010,22.41,11.04,58.71,0.10,14.61,0.00,5.32
3,11,2010,23.14,11.59,58.90,0.10,15.22,0.00,4.27
4,11,2010,23.16,9.59,62.02,0.10,14.97,0.00,2.15
5,11,2010,22.64,10.13,64.46,0.10,14.69,0.00,1.93
6,11,2010,22.53,11.24,68.90,0.08,14.48,0.00,1.49
7,11,2010,24.24,10.52,63.72,0.11,14.57,0.00,1.99
8,11,2010,25.19,11.25,49.98,0.10,14.66,0.00,2.80
9,11,2010,23.55,9.57,48.00,0.09,14.37,0.00,3.59
10,11,2010,24.48,11.01,50.89,0.11,13.97,0.12,3.87
11,11,2010,21.04,11.13,51.45,0.14,14.34,0.00,6.08
12,11,2010,19.75,9.54,52.19,0.10,13.95,0.00,3.25
13,11,2010,21.01,8.21,49.56,0.10,13.75,0.00,1.78
14,11,2010,21.57,8.48,48.94,0.09,13.69,0.00,2.29
15,11,2010,23.98,9.09,47.45,0.09,12.88,0.00,4.28
16,11,2010,19.55,10.50,44.95,0.08,13.99,0.00,8.62
17,11,2010,18.92,7.18,40.96,0.08,13.93,0.00,3.91
18,11,2010,21.04,9.90,52.40,0.07,12.56,0.01,3.98
19,11,2010,19.84,9.99,48.23,0.08,13.01,0.00,2.94
20,11,2010,22.33,9.28,44.64,0.09,13.14,0.00,2.63
21,11,2010,18.80,8.76,61.17,0.06,5.33,0.06,3.18
22,11,2010,20.04,6.66,54.12,0.10,12.82,0.00,4.34
23,11,2010,18.56,7.41,58.43,0.09,12.15,0.00,4.57
24,11,2010,18.42,6.38,64.54,0.08,10.86,0.00,2.70
25,11,2010,17.61,9.09,59.29,0.08,10.93,0.02,2.72
26,11,2010,16.48,10.25,71.91,0.11,7.18,0.14,2.49
27,11,2010,18.86,8.32,76.90,0.09,11.93,0.01,3.07
28,11,2010,20.32,7.34,72.73,0.11,12.05,0.00,2.21
29,11,2010,22.45,9.21,62.80,0.10,11.89,0.00,3.40
30,11,2010,29.61,10.51,48.35,0.11,10.52,0.04,3.96
1,12,2010,20.81,10.83,52.87,0.13,7.73,0.09,4.46
2,12,2010,18.59,8.91,52.58,0.08,12.40,0.00,3.96
3,12,2010,15.11,7.43,65.26,0.07,7.80,0.28,3.69
4,12,2010,14.33,4.76,58.46,0.16,12.48,0.00,3.92
5,12,2010,14.14,3.39,63.12,0.12,11.88,0.00,2.74
6,12,2010,16.95,3.27,56.28,0.12,12.14,0.00,2.75
7,12,2010,19.27,5.99,47.91,0.11,11.60,0.00,2.36
8,12,2010,20.81,10.09,49.06,0.09,7.39,0.03,2.01
9,12,2010,23.22,8.27,53.01,0.08,11.32,0.00,2.42
10,12,2010,20.97,8.94,51.82,0.07,9.14,0.00,4.39
11,12,2010,15.92,6.26,62.00,0.05,11.82,0.00,2.74
12,12,2010,14.55,3.99,67.05,0.05,10.17,0.00,1.48
13,12,2010,17.84,7.94,58.76,0.06,6.96,0.00,2.41
14,12,2010,18.87,9.97,54.91,0.07,10.99,0.00,6.50
15,12,2010,14.26,5.32,52.56,0.06,10.98,0.00,5.52
16,12,2010,12.64,2.71,54.93,0.05,11.99,0.00,3.85
17,12,2010,19.18,1.70,48.15,0.06,9.99,0.00,4.32
18,12,2010,20.97,8.47,38.82,0.07,11.37,0.01,2.56
19,12,2010,22.48,7.08,52.71,0.07,10.98,0.02,2.54
20,12,2010,19.07,8.95,77.44,0.04,9.81,0.00,2.36
21,12,2010,18.41,7.72,75.50,0.06,11.13,0.39,3.80
22,12,2010,20.76,9.87,65.86,0.25,9.56,0.11,3.72
23,12,2010,21.27,8.58,57.72,0.21,11.32,0.00,3.75
24,12,2010,14.59,6.90,48.45,0.12,12.02,0.00,6.55
25,12,2010,13.68,6.63,47.87,0.09,10.33,0.00,3.39
26,12,2010,15.25,7.87,50.19,0.07,9.90,0.00,3.96
27,12,2010,15.42,4.75,58.04,0.05,11.82,0.00,4.75
28,12,2010,16.86,2.29,58.55,0.06,12.01,0.00,2.51
29,12,2010,15.91,1.11,58.00,0.05,12.15,0.00,2.09
30,12,2010,15.81,1.91,54.92,0.05,11.67,0.00,2.00
31,12,2010,15.40,2.86,52.17,0.05,8.22,0.00,1.88
